model,response,phoneme,AIC,BIC,logLik,LRT_stat,LRT_p,ICC,R2_marginal,R2_conditional,fe_Intercept,fe_L2,fe_Male,fe_L2:Male,representation
intercept_only,F1_lob,a,7294.296692643606,7312.413196916968,-3644.148346321803,,,0.025407206834680073,7.892092292091249e-32,0.025407206834680073,0.8052562731560978,,,,
main,F1_lob,a,7297.921882023042,7328.11605581198,-3643.960941011521,0.37481062056394876,0.8291076224305499,0.025407206834680073,0.0006125786484435747,0.025428136605875857,0.8143859743128811,-0.02938496612993903,0.014083725696645342,,
full,F1_lob,a,7296.254706953867,7332.487715500593,-3642.1273534769334,3.6671750691748457,0.05549416621583506,0.025407206834680073,0.005876973419840993,0.025268818584209977,0.9279128157596108,-0.16994417499164594,-0.1321464540739414,0.28701965799687246,
extended,F1_lob,a,7296.254706953867,7332.487715500593,-3642.1273534769334,,,0.025407206834680073,0.005876973419840993,0.025268818584209977,0.9279128157596108,-0.16994417499164594,-0.1321464540739414,0.28701965799687246,
intercept_only,F2_lob,a,4848.54036271949,4866.656866992853,-2421.270181359745,,,0.032759258232355995,1.0792153949449037e-32,0.032759258232355995,-0.33338574265051474,,,,
main,F2_lob,a,4849.2029049017,4879.397078690638,-2419.60145245085,3.337457817789982,0.18848649694669023,0.032759258232355995,0.006238673125871186,0.03256514768732547,-0.3310933857190555,-0.04696306235202948,0.04824287878878303,,
full,F2_lob,a,4851.045767381875,4887.278775928601,-2419.5228836909373,0.15713751982548274,0.6918057237985155,0.032759258232355995,0.006585894571529025,0.03263909190657496,-0.3141066455322998,-0.06808061017849983,0.02637195723665403,0.043007245315124405,
extended,F2_lob,a,4851.045767381875,4887.278775928601,-2419.5228836909373,,,0.032759258232355995,0.006585894571529025,0.03263909190657496,-0.3141066455322998,-0.06808061017849983,0.02637195723665403,0.043007245315124405,
intercept_only,F1_lob,ɑ,1274.4906426338675,1289.2348353120233,-634.2453213169338,,,0.552750134566811,1.1512283689048288e-31,0.552750134566811,0.5289286769702832,,,,
main,F1_lob,ɑ,1275.8234801308736,1300.3971345944665,-632.9117400654368,2.6671625029939605,0.2635317956974234,0.552750134566811,0.06671832445555274,0.5512121998559448,0.4519686110377476,0.2675908551405451,-0.12939414484310774,,
full,F1_lob,ɑ,1276.4954449839042,1305.9838303402157,-632.2477224919521,1.3280351469693414,0.2491550681634071,0.552750134566811,0.0888507852928214,0.5453592304962596,0.22195673787112993,0.5565121189349893,0.16628290081195668,-0.5844301257106957,
extended,F1_lob,ɑ,1276.4954449839042,1305.9838303402157,-632.2477224919521,,,0.552750134566811,0.0888507852928214,0.5453592304962596,0.22195673787112993,0.5565121189349893,0.16628290081195668,-0.5844301257106957,
intercept_only,F2_lob,ɑ,21.045154306006225,35.78934698416191,-7.5225771530031125,,,0.4412670692376824,0.0,0.4412670692376824,-0.7939535906778624,,,,
main,F2_lob,ɑ,18.64970771445769,43.22336217805051,-4.324853857228845,6.395446591548534,0.04085511318367211,0.4412670692376824,0.11596508767517075,0.43199115689748707,-0.8210387602321986,0.14900419364599285,-0.10617207951120873,,
full,F2_lob,ɑ,17.7886550080475,47.277040364358875,-2.8943275040237495,2.8610527064101916,0.09074809130303758,0.4412670692376824,0.14395408800705795,0.4168877848161318,-0.9496680440595877,0.3095550935197012,0.05917690901957804,-0.3257926217240567,
extended,F2_lob,ɑ,17.7886550080475,47.277040364358875,-2.8943275040237495,,,0.4412670692376824,0.14395408800705795,0.4168877848161318,-0.9496680440595877,0.3095550935197012,0.05917690901957804,-0.3257926217240567,
intercept_only,F1_lob,e,316.6787710928086,327.13316189328054,-155.3393855464043,,,0.10253794738893951,3.141855585916229e-32,0.10253794738893951,-0.22544272202683235,,,,
main,F1_lob,e,319.0078775442505,336.4318622117038,-154.50393877212525,1.6708935485580696,0.4336806807701561,0.10253794738893951,0.0168395585625728,0.07907579210509501,-0.29213113963791676,0.012084936843704751,0.12844846930334025,,
full,F1_lob,e,317.7001891134005,338.6089707143444,-152.85009455670024,3.307688430850021,0.06895642525997638,0.10253794738893951,0.039782427949045546,0.1201517809596387,-0.43716248438504296,0.19197357990366662,0.3146713365981485,-0.3632595708938987,
extended,F1_lob,e,317.7001891134005,338.6089707143444,-152.85009455670024,,,0.10253794738893951,0.039782427949045546,0.1201517809596387,-0.43716248438504296,0.19197357990366662,0.3146713365981485,-0.3632595708938987,
intercept_only,F2_lob,e,383.23041900094427,393.68480980141624,-188.61520950047213,,,0.07547670096906867,1.720980356752931e-31,0.07547670096906867,0.6380716363417158,,,,
main,F2_lob,e,386.78362202268636,404.20760669013964,-188.39181101134318,0.44679697825790754,0.7997960757433114,0.07547670096906867,0.0034972795216283528,0.08121496758996537,0.6725287872700118,-0.06388804545110827,-0.0003360574163139362,,
full,F2_lob,e,385.6501147113638,406.55889631230775,-186.8250573556819,3.1335073113225462,0.07669856741227707,0.07547670096906867,0.03460945271748095,0.1370563886533416,0.8643737272832613,-0.30053882928404263,-0.24674335227933766,0.47940378942391343,
extended,F2_lob,e,385.6501147113638,406.55889631230775,-186.8250573556819,,,0.07547670096906867,0.03460945271748095,0.1370563886533416,0.8643737272832613,-0.30053882928404263,-0.24674335227933766,0.47940378942391343,
intercept_only,F1_lob,ɛ,234.5831804473778,246.13115478721838,-114.2915902236889,,,0.3572672256859311,0.0,0.3572672256859311,0.0725284669693934,,,,
main,F1_lob,ɛ,233.97065903303292,253.2172829327672,-111.98532951651646,4.612521414344883,0.09963311326226544,0.3572672256859311,0.08747601767027147,0.3590292236122355,0.2867256891626128,-0.27883414561946407,-0.14186071300275016,,
full,F1_lob,ɛ,235.22625481309387,258.32220349277503,-111.61312740654694,0.7444042199390424,0.3882536916991087,0.3572672256859311,0.10276507108751304,0.3615754858930592,0.20377163536032214,-0.17512314775387003,-0.035201056589793465,-0.20909503614185113,
extended,F1_lob,ɛ,235.22625481309387,258.32220349277503,-111.61312740654694,,,0.3572672256859311,0.10276507108751304,0.3615754858930592,0.20377163536032214,-0.17512314775387003,-0.035201056589793465,-0.20909503614185113,
intercept_only,F2_lob,ɛ,566.0787476676637,577.6267220075043,-280.03937383383186,,,0.1284692793280033,3.9230872679494315e-32,0.1284692793280033,0.5960624343962129,,,,
main,F2_lob,ɛ,565.4720518010217,584.7186757007561,-277.73602590051087,4.606695866641985,0.09992374505617638,0.1284692793280033,0.03764710008914557,0.12818801133256175,0.5416533581673859,-0.05865622194652428,0.17982613023571292,,
full,F2_lob,ɛ,559.1648367903977,582.2607854700789,-273.58241839519883,8.307215010624077,0.003948789443203402,0.1284692793280033,0.0883228372424319,0.12869193559100847,0.7836868653424303,-0.36084443271023936,-0.13189180729131064,0.6017262859877336,
extended,F2_lob,ɛ,559.1648367903977,582.2607854700789,-273.58241839519883,,,0.1284692793280033,0.0883228372424319,0.12869193559100847,0.7836868653424303,-0.36084443271023936,-0.13189180729131064,0.6017262859877336,
intercept_only,F1_lob,i,1286.7893815029292,1303.3936694740419,-640.3946907514646,,,0.24568261987175186,0.0,0.24568261987175186,-1.0511504952972521,,,,
main,F1_lob,i,1289.0709762606057,1316.7447895457933,-639.5354881303028,1.7184052423235698,0.4234996373690665,0.24568261987175186,0.02161058016759021,0.24556814452234343,-0.9330289635734701,-0.10063551649142978,-0.13761582416854928,,
full,F1_lob,i,1291.0650018867145,1324.2735778289398,-639.5325009433573,0.005974373891149298,0.9383896049880288,0.24568261987175186,0.021792277886840284,0.24565241014456227,-0.9266735537522516,-0.10858229257688258,-0.14578775269466066,0.0161409093601432,
extended,F1_lob,i,1291.0650018867145,1324.2735778289398,-639.5325009433573,,,0.24568261987175186,0.021792277886840284,0.24565241014456227,-0.9266735537522516,-0.10858229257688258,-0.14578775269466066,0.0161409093601432,
intercept_only,F2_lob,i,3274.4450164376613,3291.049304408774,-1634.2225082188306,,,0.015112856804431632,0.0,0.015112856804431632,1.32860536831357,,,,
main,F2_lob,i,3277.626034661702,3305.2998479468897,-1633.813017330851,0.8189817759594007,0.663988208477966,0.015112856804431632,0.0010500844145426471,0.01511038707148027,1.287396667069065,0.041811549374263846,0.04089856511322547,,
full,F2_lob,i,3279.5090059075155,3312.717581849741,-1633.7545029537578,0.11702875418632175,0.7322796584322782,0.015112856804431632,0.0012175211806805392,0.015135368214352097,1.2739589537185758,0.058673616405742424,0.05819234828241396,-0.03475492373153379,
extended,F2_lob,i,3279.5090059075155,3312.717581849741,-1633.7545029537578,,,0.015112856804431632,0.0012175211806805392,0.015135368214352097,1.2739589537185758,0.058673616405742424,0.05819234828241396,-0.03475492373153379,
intercept_only,F1_lob,o,-46.114757673888505,-37.90616232870502,26.057378836944252,,,0.5540152102780941,0.0,0.5540152102780941,-0.6058461774234577,,,,
main,F1_lob,o,-47.90997198564099,-34.22897974366852,28.954985992820497,5.795214311752488,0.05515503969421553,0.5540152102780941,0.16518284066699987,0.5540161009255877,-0.8067938718577264,0.16782700280629564,0.237748462909796,,
full,F1_lob,o,-48.40176384671042,-31.98457315634345,30.20088192335521,2.49179186106943,0.11444136424221789,0.5540152102780941,0.22210873681706617,0.554022768125396,-0.9182379196588738,0.3071320625577273,0.3810336672255543,-0.28259026406718185,
extended,F1_lob,o,-48.40176384671042,-31.98457315634345,30.20088192335521,,,0.5540152102780941,0.22210873681706617,0.554022768125396,-0.9182379196588738,0.3071320625577273,0.3810336672255543,-0.28259026406718185,
intercept_only,F2_lob,o,-35.82565865275683,-27.617063307573343,20.912829326378414,,,0.6381790325938769,6.61438954792858e-31,0.6381790325938769,-0.5818919858347813,,,,
main,F2_lob,o,-31.975592718763323,-18.294600476790844,20.98779635938166,0.1499340660064945,0.927774071749206,0.6381790325938769,0.005490224166818977,0.6381790628774792,-0.5608256419427997,-0.002370779756750336,-0.04183919293112743,,
full,F2_lob,o,-34.35982381086188,-17.94263312049491,23.17991190543094,4.38423109209856,0.036272849352795275,0.6381790325938769,0.14828987068286617,0.6381767188941142,-0.7605217188473872,0.24724931637398423,0.21491290594619974,-0.5063721950080629,
extended,F2_lob,o,-34.35982381086188,-17.94263312049491,23.17991190543094,,,0.6381790325938769,0.14828987068286617,0.6381767188941142,-0.7605217188473872,0.24724931637398423,0.21491290594619974,-0.5063721950080629,
intercept_only,F1_lob,u,464.9781822360919,478.6866264973348,-229.48909111804596,,,0.21706484317137023,9.237539412156326e-32,0.21706484317137023,-0.8934533136020644,,,,
main,F1_lob,u,462.1525303264325,484.999937428504,-226.07626516321625,6.8256519096594275,0.032947959245768293,0.21706484317137023,0.07362223210511509,0.2525161169151671,-0.8879123008428543,-0.1132683900827746,0.11481592949365009,,
full,F1_lob,u,456.19817476626304,483.61506328874884,-222.09908738313152,7.954355560169461,0.0047971787225428155,0.21706484317137023,0.1257155333804662,0.21453015100335174,-1.0494499633498433,0.08800220508133903,0.32263067390850064,-0.40931893221103033,
extended,F1_lob,u,456.19817476626304,483.61506328874884,-222.09908738313152,,,0.21706484317137023,0.1257155333804662,0.21453015100335174,-1.0494499633498433,0.08800220508133903,0.32263067390850064,-0.40931893221103033,
intercept_only,F2_lob,u,915.9761044343104,929.6845486955533,-454.9880522171552,,,0.10296323515140622,2.2037108239330493e-31,0.10296323515140622,-1.2030801751765923,,,,
main,F2_lob,u,912.8888416560094,935.7362487580808,-451.4444208280047,7.08726277830101,0.028908159468846065,0.10296323515140622,0.03925712661051501,0.10260428775397609,-1.2881456366818596,0.17665128283633608,-0.018697392670367748,,
full,F2_lob,u,914.8374268627977,942.2543153852835,-451.4187134313988,0.05141479321173392,0.8206194643228664,0.10296323515140622,0.039395045864093384,0.10243765474979563,-1.2740329452081804,0.15906184108034177,-0.03686719704760101,0.03576683381968771,
extended,F2_lob,u,914.8374268627977,942.2543153852835,-451.4187134313988,,,0.10296323515140622,0.039395045864093384,0.10243765474979563,-1.2740329452081804,0.15906184108034177,-0.03686719704760101,0.03576683381968771,
intercept_only,F1_lob,y,1305.7107867332293,1318.5743624137147,-649.8553933666146,,,0.10463515702849899,1.5942147929999194e-31,0.10463515702849899,-0.882388602919367,,,,
main,F1_lob,y,1302.0501336195262,1323.4894264203351,-646.0250668097631,7.66065311370312,0.021702527363543868,0.10463515702849899,0.0457680952909326,0.10478125764991447,-0.9900405590094548,-0.08133837223616373,0.30545663034748993,,
full,F1_lob,y,1298.7846821582466,1324.5118335192174,-643.3923410791233,5.265451461279554,0.021752779980775568,0.10463515702849899,0.0696374795921092,0.10696341294923278,-1.2260768730074656,0.217996103293659,0.6087620314487967,-0.6023495033346524,
extended,F1_lob,y,1298.7846821582466,1324.5118335192174,-643.3923410791233,,,0.10463515702849899,0.0696374795921092,0.10696341294923278,-1.2260768730074656,0.217996103293659,0.6087620314487967,-0.6023495033346524,
intercept_only,F2_lob,y,778.5869663030039,791.4505419834893,-386.29348315150196,,,0.19328632849838495,0.0,0.19328632849838495,0.25482871046924355,,,,
main,F2_lob,y,779.6787936455503,801.1180864463593,-384.83939682277514,2.9081726574536333,0.23361371255922653,0.19328632849838495,0.03225601084179056,0.19438605070159243,0.4072692068046423,-0.22293723843349575,-0.07617627143005667,,
full,F2_lob,y,781.3473061552486,807.0744575162194,-384.6736530776243,0.3314874903016971,0.5647845098854901,0.19328632849838495,0.0352659371235278,0.19431997881580007,0.46618350210719695,-0.29717403243494517,-0.15189372729619516,0.14993262914435215,
extended,F2_lob,y,781.3473061552486,807.0744575162194,-384.6736530776243,,,0.19328632849838495,0.0352659371235278,0.19431997881580007,0.46618350210719695,-0.29717403243494517,-0.15189372729619516,0.14993262914435215,
intercept_only,F1_lob,ø,-40.97096920036017,-30.68293231349685,23.485484600180087,,,0.5677512316789242,0.0,0.5677512316789242,-0.5172005398092966,,,,
main,F1_lob,ø,-38.273244487839634,-21.12651634306743,24.136622243919817,1.3022752874794605,0.5214522123476684,0.5677512316789242,0.04007539448144896,0.56778686093688,-0.5895866383245632,0.1254828829963092,0.013392711432852443,,
full,F1_lob,ø,-37.36729526052966,-16.79122148680301,24.68364763026483,1.094050772690025,0.295575428234188,0.5677512316789242,0.07132800011456383,0.5677069266058203,-0.6911358194926713,0.2524401177061888,0.14395594436327597,-0.25723974559858964,
extended,F1_lob,ø,-37.36729526052966,-16.79122148680301,24.68364763026483,,,0.5677512316789242,0.07132800011456383,0.5677069266058203,-0.6911358194926713,0.2524401177061888,0.14395594436327597,-0.25723974559858964,
intercept_only,F2_lob,ø,136.2065465388523,146.49458342571563,-65.10327326942615,,,0.37914826401026763,1.3765372220454256e-33,0.37914826401026763,0.0824584884904759,,,,
main,F2_lob,ø,139.81158096841523,156.95830911318743,-64.90579048420761,0.3949655704370798,0.8207942703000917,0.37914826401026763,0.009021690506906611,0.37927760440788105,0.15796992886609437,-0.06980963487967193,-0.08176687802038515,,
full,F2_lob,ø,137.95038207138714,158.5264558451138,-62.97519103569357,3.861198897028089,0.04941500629775324,0.37914826401026763,0.08681233469969746,0.37910643119852316,0.3597737237691798,-0.32225524130863237,-0.3412289000386377,0.5108701606252745,
extended,F2_lob,ø,137.95038207138714,158.5264558451138,-62.97519103569357,,,0.37914826401026763,0.08681233469969746,0.37910643119852316,0.3597737237691798,-0.32225524130863237,-0.3412289000386377,0.5108701606252745,
intercept_only,F1_lob,ə,315.6869556596839,323.9734774640772,-154.84347782984196,,,0.2034142663878145,8.25299132224417e-34,0.2034142663878145,-0.20099394084697675,,,,
main,F1_lob,ə,314.07585935682164,327.88672903081044,-152.03792967841082,5.611096302862279,0.060473613387942306,0.2034142663878145,0.04420366328061974,0.0857831608529249,-0.6713573467864521,0.46611563694547714,0.40960734557213274,,
full,F1_lob,ə,315.14850653912947,331.721550147916,-151.57425326956474,0.9273528176921673,0.3355517397699594,0.2034142663878145,0.048121864181737035,0.08005756018228992,-0.5835508324821366,0.35040525571683695,0.18951986230911333,0.5665368757968213,
extended,F1_lob,ə,315.14850653912947,331.721550147916,-151.57425326956474,,,0.2034142663878145,0.048121864181737035,0.08005756018228992,-0.5835508324821366,0.35040525571683695,0.18951986230911333,0.5665368757968213,
intercept_only,F2_lob,ə,168.39671924857748,176.68324105297074,-81.19835962428874,,,0.03966992285233403,1.2704526226346993e-35,0.03966992285233403,-0.011015915272661493,,,,
main,F2_lob,ə,171.61109425008112,185.4219639240699,-80.80554712504056,0.7856249984963597,0.6751553278503822,0.03966992285233403,0.01057526441716311,0.033252287382950545,0.08408524574737733,-0.1260510127166065,-0.06464612103585461,,
full,F2_lob,ə,171.33625362908253,187.90929723786908,-79.66812681454127,2.2748406209985887,0.1314886415325693,0.03966992285233403,0.038457415759539315,0.08292913821633742,0.17212083492566163,-0.23155979531670676,-0.264840030253361,0.5256767379220402,
extended,F2_lob,ə,171.33625362908253,187.90929723786908,-79.66812681454127,,,0.03966992285233403,0.038457415759539315,0.08292913821633742,0.17212083492566163,-0.23155979531670676,-0.264840030253361,0.5256767379220402,
intercept_only,PC1,a,12631.013242291603,12649.129746564966,-6312.506621145802,,,0.03820024962455042,0.0,0.03820024962455042,1.6747930371021587,,,,whisper_layer4
main,PC1,a,12630.423403382778,12660.617577171717,-6310.211701691389,4.589838908825186,0.10076950948077062,0.03820024962455042,0.009150775897021604,0.03770243218111404,1.371170794368386,0.43506225002219434,0.15599483943496,,whisper_layer4
full,PC1,a,12632.410246448188,12668.643254994913,-6310.205123224094,0.013156934590369929,0.9086799956360075,0.03820024962455042,0.009198704131932493,0.03772110616276738,1.353274959330302,0.4573119368733359,0.179031220857633,-0.04531086670239496,whisper_layer4
extended,PC1,a,12632.410246448188,12668.643254994913,-6310.205123224094,,,0.03820024962455042,0.009198704131932493,0.03772110616276738,1.353274959330302,0.4573119368733359,0.179031220857633,-0.04531086670239496,whisper_layer4
intercept_only,PC1,ɑ,2144.3093642331514,2159.053556911307,-1069.1546821165757,,,0.5333093524455598,8.091136447547292e-31,0.5333093524455598,2.769241891963938,,,,whisper_layer4
main,PC1,ɑ,2145.7669749353554,2170.3406293989483,-1067.8834874676777,2.542389297796035,0.2804963269105933,0.5333093524455598,0.06941930256505902,0.5337229224762067,2.431445178569827,0.1169843107195973,0.5759698959260292,,whisper_layer4
full,PC1,ɑ,2146.894201235189,2176.3825865915005,-1067.4471006175945,0.8727737001663627,0.3501885740089077,0.5333093524455598,0.08582879054240787,0.5309552571181286,2.708987826195684,-0.2330146519349306,0.21915725665599445,0.7066289880512703,whisper_layer4
extended,PC1,ɑ,2146.894201235189,2176.3825865915005,-1067.4471006175945,,,0.5333093524455598,0.08582879054240787,0.5309552571181286,2.708987826195684,-0.2330146519349306,0.21915725665599445,0.7066289880512703,whisper_layer4
random_slope,PC1,ɑ,2149.6586891205534,2188.976536262302,-1066.8293445602767,1.2355121146356396,0.5391529094425318,0.5333093524455598,0.10422503012713014,0.44395821306522054,2.7087613723867725,-0.24299617289649017,0.21927706773810604,0.716687651210209,whisper_layer4
intercept_only,PC1,e,512.7426641370225,523.1970549374945,-253.37133206851126,,,0.37336310747757917,0.0,0.37336310747757917,-1.5390182829846553,,,,whisper_layer4
main,PC1,e,512.5499335356442,529.9739182030975,-251.2749667678221,4.192730601378344,0.12290233041760226,0.37336310747757917,0.08245217925854596,0.37203248366754643,-1.9479765434977112,0.5619952980303109,0.23799733212835705,,whisper_layer4
full,PC1,e,514.526743907581,535.435525508525,-251.2633719537905,0.02318962806316449,0.8789649859848165,0.37336310747757917,0.08286737175038265,0.37204025968260085,-1.9161727080742474,0.522356863234348,0.19712109917473938,0.08033025049367204,whisper_layer4
extended,PC1,e,514.526743907581,535.435525508525,-251.2633719537905,,,0.37336310747757917,0.08286737175038265,0.37204025968260085,-1.9161727080742474,0.522356863234348,0.19712109917473938,0.08033025049367204,whisper_layer4
intercept_only,PC1,ɛ,1205.1089319762073,1216.6569063160478,-599.5544659881036,,,0.01815951300598608,6.629549251664022e-33,0.01815951300598608,-0.8854996229101838,,,,whisper_layer4
main,PC1,ɛ,1208.7256609946253,1227.9722848943595,-599.3628304973126,0.3832709815819726,0.825607755280181,0.01815951300598608,0.0014565602985138204,0.017749183915485297,-0.985833482413109,0.12483725359228753,0.07099086095126836,,whisper_layer4
full,PC1,ɛ,1210.6590530343524,1233.7550017140336,-599.3295265171762,0.06660796027290417,0.796341168678992,0.01815951300598608,0.0016861593061862803,0.017875941663126543,-1.028311864395315,0.1779956202818763,0.12560796504967464,-0.10320373513372966,whisper_layer4
extended,PC1,ɛ,1210.6590530343524,1233.7550017140336,-599.3295265171762,,,0.01815951300598608,0.0016861593061862803,0.017875941663126543,-1.028311864395315,0.1779956202818763,0.12560796504967464,-0.10320373513372966,whisper_layer4
intercept_only,PC1,i,5446.673554020481,5463.277841991593,-2720.3367770102404,,,0.10639194165382271,1.5198711413809135e-30,0.10639194165382271,-3.9072741718078365,,,,whisper_layer4
main,PC1,i,5447.23174133917,5474.905554624358,-2718.615870669585,3.4418126813106937,0.17890392650667664,0.10639194165382271,0.019202479629931865,0.10642125874356309,-3.841308693480745,0.08949442182501764,-0.2385358643237382,,whisper_layer4
full,PC1,i,5448.134393435741,5481.342969377966,-2718.0671967178705,1.0973479034291813,0.2948488661871498,0.10639194165382271,0.02421618936201575,0.10610330718516006,-3.9945135624969996,0.28116204549715706,-0.041553684930113924,-0.390155129450691,whisper_layer4
extended,PC1,i,5448.134393435741,5481.342969377966,-2718.0671967178705,,,0.10639194165382271,0.02421618936201575,0.10610330718516006,-3.9945135624969996,0.28116204549715706,-0.041553684930113924,-0.390155129450691,whisper_layer4
intercept_only,PC1,o,243.7278324974452,251.9364278426287,-118.8639162487226,,,0.5300073117220957,6.920946097156793e-32,0.5300073117220957,1.035413166060799,,,,whisper_layer4
main,PC1,o,239.74607144489596,253.42706368686845,-114.87303572244798,7.9817610525492455,0.01848343180501874,0.5300073117220957,0.20867513348399194,0.5300286054944141,0.5084280755891172,0.8547495613000333,0.16280234510684585,,whisper_layer4
full,PC1,o,241.74214674103973,258.1593374314067,-114.87107337051987,0.003924703856228007,0.9500472384658127,0.5300073117220957,0.20875768483024065,0.5300286048592289,0.523271630207701,0.836195118026804,0.14371777488295337,0.03763901349711882,whisper_layer4
extended,PC1,o,241.74214674103973,258.1593374314067,-114.87107337051987,,,0.5300073117220957,0.20875768483024065,0.5300286048592289,0.523271630207701,0.836195118026804,0.14371777488295337,0.03763901349711882,whisper_layer4
intercept_only,PC1,u,2388.408776785648,2402.117221046891,-1191.204388392824,,,0.038196735399822615,6.607043428051025e-32,0.038196735399822615,0.8102374625730168,,,,whisper_layer4
main,PC1,u,2391.7535195068485,2414.60092660892,-1190.8767597534243,0.6552572787995814,0.7206305838269792,0.038196735399822615,0.0021307741240937455,0.03822038398873557,0.6784152246453118,0.12785937065802644,0.1360160246363701,,whisper_layer4
full,PC1,u,2391.9505742574847,2419.3674627799705,-1189.9752871287424,1.8029452493638018,0.1793568360353014,0.038196735399822615,0.0076595046205214885,0.03864034614634293,0.4889647375818528,0.36224521988185865,0.3800631445802329,-0.47840523950681846,whisper_layer4
extended,PC1,u,2391.9505742574847,2419.3674627799705,-1189.9752871287424,,,0.038196735399822615,0.0076595046205214885,0.03864034614634293,0.4889647375818528,0.36224521988185865,0.3800631445802329,-0.47840523950681846,whisper_layer4
intercept_only,PC1,y,1920.0743305261062,1932.9379062065916,-957.0371652630531,,,0.09218094454853497,2.2846298800041848e-32,0.09218094454853497,-1.298976837213216,,,,whisper_layer4
main,PC1,y,1921.2333233614477,1942.6726161622566,-955.6166616807238,2.8410071646585493,0.24159232463299776,0.09218094454853497,0.017566122036575878,0.09247749707768099,-1.5503874032655536,0.4241158934638647,0.07055516821449137,,whisper_layer4
full,PC1,y,1923.2239216985804,1948.9510730595512,-955.6119608492902,0.009401662867276173,0.9227564349434405,0.09218094454853497,0.01758713175273994,0.09244580690546003,-1.5708255451172577,0.4500556992200721,0.09681024395393244,-0.05219749378555752,whisper_layer4
extended,PC1,y,1923.2239216985804,1948.9510730595512,-955.6119608492902,,,0.09218094454853497,0.01758713175273994,0.09244580690546003,-1.5708255451172577,0.4500556992200721,0.09681024395393244,-0.05219749378555752,whisper_layer4
intercept_only,PC1,ø,563.0775025221114,573.3655394089748,-278.5387512610557,,,0.404361749201514,0.0,0.404361749201514,-0.9207110895282751,,,,whisper_layer4
main,PC1,ø,560.0286120289152,577.1753401736873,-275.0143060144576,7.048890493196268,0.029468150392191087,0.404361749201514,0.14144877856494908,0.40445635924481393,-1.4745505714066323,0.8392519759439481,0.23699113883187942,,whisper_layer4
full,PC1,ø,561.9729524672155,582.5490262409421,-274.98647623360773,0.05565956169971287,0.8134925853654192,0.404361749201514,0.14214843322140794,0.4043002820466373,-1.5314017403870814,0.9103456286770671,0.3100854989496015,-0.14383539392538874,whisper_layer4
extended,PC1,ø,561.9729524672155,582.5490262409421,-274.98647623360773,,,0.404361749201514,0.14214843322140794,0.4043002820466373,-1.5314017403870814,0.9103456286770671,0.3100854989496015,-0.14383539392538874,whisper_layer4
intercept_only,PC1,ə,353.9601249012717,362.24664670566494,-173.98006245063584,,,0.39119167461398063,3.031463764077323e-35,0.39119167461398063,0.044216383076765196,,,,whisper_layer4
main,PC1,ə,353.7570446990974,367.5679143730862,-171.8785223495487,4.203080202174306,0.12226797812807066,0.39119167461398063,0.08686549569088006,0.38245779963425824,0.3026876500128659,0.07876657084805772,-1.048742938314734,,whisper_layer4
full,PC1,ə,355.6089820734679,372.18202568225445,-171.80449103673396,0.14806262562944994,0.7003937003463306,0.39119167461398063,0.08827570705129391,0.38085867898537673,0.18690861364703226,0.22768535655475158,-0.8335979072601393,-0.42297063662025014,whisper_layer4
extended,PC1,ə,355.6089820734679,372.18202568225445,-171.80449103673396,,,0.39119167461398063,0.08827570705129391,0.38085867898537673,0.18690861364703226,0.22768535655475158,-0.8335979072601393,-0.42297063662025014,whisper_layer4
intercept_only,PC2,a,8057.259427219946,8075.375931493309,-4025.629713609973,,,0.15763854206951905,8.626400666723281e-31,0.15763854206951905,-2.014312797617831,,,,whisper_layer4
main,PC2,a,8047.94186415794,8078.136037946878,-4018.97093207897,13.31756306200623,0.0012827083589410596,0.15763854206951905,0.07861530413853,0.15424171598069528,-2.4739909742269575,0.27936107595556936,0.6606514876030943,,whisper_layer4
full,PC2,a,8048.763014551976,8084.996023098703,-4018.381507275988,1.178849605963478,0.2775903173830222,0.15763854206951905,0.08237458462774147,0.15322146889986368,-2.6031534496629924,0.44041173201045936,0.8267890621168681,-0.32729357949305843,whisper_layer4
extended,PC2,a,8048.763014551976,8084.996023098703,-4018.381507275988,,,0.15763854206951905,0.08237458462774147,0.15322146889986368,-2.6031534496629924,0.44041173201045936,0.8267890621168681,-0.32729357949305843,whisper_layer4
intercept_only,PC2,ɑ,1304.5078017655724,1319.251994443728,-649.2539008827862,,,0.3073803971652135,6.796545966779783e-31,0.3073803971652135,-2.5488995118371363,,,,whisper_layer4
main,PC2,ɑ,1307.8299612505089,1332.4036157141018,-648.9149806252544,0.6778405150635081,0.7125392664636128,0.3073803971652135,0.013651935178802262,0.3080880488203718,-2.668193740278651,0.10076307126859371,0.13732917090073113,,whisper_layer4
full,PC2,ɑ,1309.778266028441,1339.2666513847525,-648.8891330142205,0.0516952220677922,0.8201392858053322,0.3073803971652135,0.014547684730995668,0.30777281092327125,-2.6383733522961075,0.062374911416836834,0.09900078152008042,0.07667101542520381,whisper_layer4
extended,PC2,ɑ,1309.778266028441,1339.2666513847525,-648.8891330142205,,,0.3073803971652135,0.014547684730995668,0.30777281092327125,-2.6383733522961075,0.062374911416836834,0.09900078152008042,0.07667101542520381,whisper_layer4
random_slope,PC2,ɑ,1313.612133813749,1352.9299809554975,-648.8060669068745,0.16613221469197015,0.920290307259414,0.3073803971652135,0.014184910508318079,0.33497182231603007,-2.6383965924446904,0.05940459936772931,0.0989923956610203,0.0799080698314878,whisper_layer4
intercept_only,PC2,e,366.4861530975768,376.94054389804876,-180.2430765487884,,,0.10446931475879015,7.2596402716640425e-31,0.10446931475879015,-2.308935663868758,,,,whisper_layer4
main,PC2,e,367.78267536603835,385.20666003349163,-178.89133768301917,2.7034777315384417,0.25878986833002676,0.10446931475879015,0.023615463766201994,0.09318473881815649,-2.4570505529149758,0.19671191109226924,0.0931460494646266,,whisper_layer4
full,PC2,e,367.5101043473326,388.4188859482765,-177.7550521736663,2.2725710187057757,0.13168128922106084,0.10446931475879015,0.04067825490566734,0.12337254810554485,-2.59525489310424,0.3673483105970525,0.27054808221617993,-0.34531732417154476,whisper_layer4
extended,PC2,e,367.5101043473326,388.4188859482765,-177.7550521736663,,,0.10446931475879015,0.04067825490566734,0.12337254810554485,-2.59525489310424,0.3673483105970525,0.27054808221617993,-0.34531732417154476,whisper_layer4
intercept_only,PC2,ɛ,759.8901623643624,771.438136704203,-376.9450811821812,,,0.08134291113688744,3.7142928000066203e-31,0.08134291113688744,-2.678354459335722,,,,whisper_layer4
main,PC2,ɛ,758.2875517328512,777.5341756325855,-374.1437758664256,5.602610631511197,0.06073073807542973,0.08134291113688744,0.03406325703125535,0.08104293502956021,-2.874941201112257,0.3039436739239566,0.07634500038291697,,whisper_layer4
full,PC2,ɛ,760.2805906300314,783.3765393097126,-374.1402953150157,0.006961102819786902,0.9335070718903451,0.08134291113688744,0.034047081242251934,0.08105523245460691,-2.8835105895996214,0.31466356465110046,0.08736323856727914,-0.02114684880628712,whisper_layer4
extended,PC2,ɛ,760.2805906300314,783.3765393097126,-374.1402953150157,,,0.08134291113688744,0.034047081242251934,0.08105523245460691,-2.8835105895996214,0.31466356465110046,0.08736323856727914,-0.02114684880628712,whisper_layer4
intercept_only,PC2,i,3763.403995836983,3780.0082838080957,-1878.7019979184915,,,0.16768835488893832,3.884970372620875e-31,0.16768835488893832,-1.8305603531503614,,,,whisper_layer4
main,PC2,i,3765.2108703588183,3792.884683644006,-1877.6054351794091,2.193125478164802,0.3340172171160348,0.16768835488893832,0.019312221373846392,0.16772541270894603,-1.8627580944524709,0.13694409127449148,-0.0839994272603716,,whisper_layer4
full,PC2,i,3766.889182311208,3800.0977582534333,-1877.444591155604,0.3216880476102233,0.5705949518450255,0.16768835488893832,0.02187885349350043,0.16770057459132653,-1.933393016822797,0.22528487177649523,0.006825030577411572,-0.1795612000832739,whisper_layer4
extended,PC2,i,3766.889182311208,3800.0977582534333,-1877.444591155604,,,0.16768835488893832,0.02187885349350043,0.16770057459132653,-1.933393016822797,0.22528487177649523,0.006825030577411572,-0.1795612000832739,whisper_layer4
intercept_only,PC2,o,196.85749209875837,205.06608744394185,-95.42874604937919,,,0.35048215578685027,5.217174957170354e-31,0.35048215578685027,-1.690758011843029,,,,whisper_layer4
main,PC2,o,200.62113008228562,214.3021223242581,-95.31056504114281,0.23636201647275357,0.8885352058671908,0.35048215578685027,0.0056715687224872715,0.3504792178666954,-1.7815302772701118,0.07034879468137006,0.11346501070009593,,whisper_layer4
full,PC2,o,202.6205920386751,219.03778272904208,-95.31029601933756,0.0005380436105042463,0.9814941150800073,0.35048215578685027,0.005684398940958161,0.35047921050640435,-1.7772676249345134,0.06502047926187449,0.1079844576971868,0.010808868422394348,whisper_layer4
extended,PC2,o,202.6205920386751,219.03778272904208,-95.31029601933756,,,0.35048215578685027,0.005684398940958161,0.35047921050640435,-1.7772676249345134,0.06502047926187449,0.1079844576971868,0.010808868422394348,whisper_layer4
intercept_only,PC2,u,2016.2234145012517,2029.9318587624946,-1005.1117072506258,,,0.037821508356956475,4.950221987206045e-32,0.037821508356956475,-1.236527770099728,,,,whisper_layer4
main,PC2,u,2018.9229001672566,2041.770307269328,-1004.4614500836283,1.3005143339951246,0.52191154107725,0.037821508356956475,0.004158509483679444,0.03775851109230021,-1.3460552508939754,0.06816842682778508,0.1569090042045497,,whisper_layer4
full,PC2,u,2020.921853867104,2048.3387423895897,-1004.460926933552,0.0010463001526659355,0.9741956765283551,0.037821508356956475,0.0041637532496933876,0.037763652700377424,-1.3425422923840458,0.06380239292167475,0.1523825864554148,0.008893752519116909,whisper_layer4
extended,PC2,u,2020.921853867104,2048.3387423895897,-1004.460926933552,,,0.037821508356956475,0.0041637532496933876,0.037763652700377424,-1.3425422923840458,0.06380239292167475,0.1523825864554148,0.008893752519116909,whisper_layer4
intercept_only,PC2,y,1876.4001816444384,1889.2637573249237,-935.2000908222192,,,0.02619710126382295,2.585801305078023e-32,0.02619710126382295,-1.4231274274398806,,,,whisper_layer4
main,PC2,y,1879.159463871581,1900.59875667239,-934.5797319357905,1.2407177728573515,0.5377514112759751,0.02619710126382295,0.003900155607611372,0.02454923937864242,-1.5686637480067436,0.08458894362382946,0.2042412361148123,,whisper_layer4
full,PC2,y,1880.463069835369,1906.1902211963397,-934.2315349176845,0.6963940362120411,0.4039980095416644,0.02619710126382295,0.005983282104519996,0.025029387093992734,-1.685292219370605,0.23297462278005232,0.35393997636910696,-0.2978720505258816,whisper_layer4
extended,PC2,y,1880.463069835369,1906.1902211963397,-934.2315349176845,,,0.02619710126382295,0.005983282104519996,0.025029387093992734,-1.685292219370605,0.23297462278005232,0.35393997636910696,-0.2978720505258816,whisper_layer4
intercept_only,PC2,ø,403.05022336770116,413.3382602545645,-198.52511168385058,,,0.23573868124137998,0.0,0.23573868124137998,-2.467170477806413,,,,whisper_layer4
main,PC2,ø,403.6977396952809,420.84446784005314,-196.84886984764046,3.3524836724202487,0.1870757177717828,0.23573868124137998,0.04870426936369205,0.23559272718539076,-2.6840597464319793,0.31923847709113384,0.10316811768910211,,whisper_layer4
full,PC2,ø,404.6069430137268,425.1830167874534,-196.3034715068634,1.0907966815541386,0.2962947574062357,0.23573868124137998,0.06233521225341226,0.23513837417847352,-2.8261331965525973,0.4970155593446847,0.28583398212989414,-0.358998863516383,whisper_layer4
extended,PC2,ø,404.6069430137268,425.1830167874534,-196.3034715068634,,,0.23573868124137998,0.06233521225341226,0.23513837417847352,-2.8261331965525973,0.4970155593446847,0.28583398212989414,-0.358998863516383,whisper_layer4
intercept_only,PC2,ə,306.80830691506515,315.0948287194584,-150.40415345753257,,,0.35407308164952705,4.8672535191469635e-32,0.35407308164952705,-1.0995539714516183,,,,whisper_layer4
main,PC2,ə,307.2563672072597,321.0672368812485,-148.62818360362985,3.5519397078054453,0.16931915499823594,0.35407308164952705,0.06870522271224169,0.29429714876192664,-0.7584064416687762,-0.1369255132230074,-0.8151567650761518,,whisper_layer4
full,PC2,ə,308.33118850855726,324.9042321173438,-148.16559425427863,0.9251786987024389,0.3361188789604592,0.35407308164952705,0.07811202012014327,0.251569835916036,-0.9415800276907772,0.10900989229143193,-0.4470929999885251,-0.7757097432215602,whisper_layer4
extended,PC2,ə,308.33118850855726,324.9042321173438,-148.16559425427863,,,0.35407308164952705,0.07811202012014327,0.251569835916036,-0.9415800276907772,0.10900989229143193,-0.4470929999885251,-0.7757097432215602,whisper_layer4
intercept_only,PC3,a,12764.463738838062,12782.580243111424,-6379.231869419031,,,0.03976138299128018,1.2723081389404856e-38,0.03976138299128018,-0.0016083374579097336,,,,whisper_layer4
main,PC3,a,12767.373525044506,12797.567698833445,-6378.686762522253,1.0902137935554492,0.5797798034344024,0.03976138299128018,0.0023952842664143464,0.039587001419864404,0.19882496934676977,-0.1693155360553602,-0.2355937776460785,,whisper_layer4
full,PC3,a,12769.264371067711,12805.497379614437,-6378.632185533856,0.10915397679491434,0.7411093844295265,0.03976138299128018,0.0026147029620109835,0.03958006214846431,0.2576227355772739,-0.24247434246732152,-0.3112512777099589,0.14888490066798438,whisper_layer4
extended,PC3,a,12769.264371067711,12805.497379614437,-6378.632185533856,,,0.03976138299128018,0.0026147029620109835,0.03958006214846431,0.2576227355772739,-0.24247434246732152,-0.3112512777099589,0.14888490066798438,whisper_layer4
intercept_only,PC3,ɑ,4574.865751848516,4589.609944526672,-2284.432875924258,,,0.07115029868615134,0.0,0.07115029868615134,0.0058255182458691,,,,whisper_layer4
main,PC3,ɑ,4575.888591337356,4600.462245800949,-2282.944295668678,2.9771605111600365,0.22569285435601416,0.07115029868615134,0.01529757856417117,0.07304377037783742,-0.5683645936690985,0.5162030638286743,0.6239892738110867,,whisper_layer4
full,PC3,ɑ,4577.8751386540225,4607.363524010334,-2282.9375693270113,0.013452683333525783,0.9076638725568622,0.07115029868615134,0.01537023691678962,0.07308957478525341,-0.535889781585178,0.4718965760502741,0.5823101613325968,0.0856619064423387,whisper_layer4
extended,PC3,ɑ,4577.8751386540225,4607.363524010334,-2282.9375693270113,,,0.07115029868615134,0.01537023691678962,0.07308957478525341,-0.535889781585178,0.4718965760502741,0.5823101613325968,0.0856619064423387,whisper_layer4
intercept_only,PC3,e,1065.1777342166836,1075.6321250171554,-529.5888671083418,,,0.007032983507508931,1.6231584212768842e-34,0.007032983507508931,-0.19847705814516006,,,,whisper_layer4
main,PC3,e,1067.5512369020423,1084.9752215694955,-528.7756184510212,1.6264973146412558,0.44341521973532416,0.007032983507508931,0.007746859693911378,0.016422769314013798,-0.5541593596001976,0.2522394791880169,0.4757388259849044,,whisper_layer4
full,PC3,e,1069.2634638877146,1090.1722454886585,-528.6317319438573,0.2877730143277404,0.5916511820430685,0.007032983507508931,0.009116535018261391,0.01806457652604956,-0.717588385877514,0.452740721252774,0.6853862650990545,-0.4042265378156933,whisper_layer4
extended,PC3,e,1069.2634638877146,1090.1722454886585,-528.6317319438573,,,0.007032983507508931,0.009116535018261391,0.01806457652604956,-0.717588385877514,0.452740721252774,0.6853862650990545,-0.4042265378156933,whisper_layer4
intercept_only,PC3,ɛ,1459.6633405324128,1471.2113148722533,-726.8316702662064,,,0.015040497850326894,1.991036977376376e-34,0.015040497850326894,0.1486612275884969,,,,whisper_layer4
main,PC3,ɛ,1461.1688919736434,1480.4155158733777,-725.5844459868217,2.4944485587693634,0.28730115885912555,0.015040497850326894,0.009116216933736506,0.010060770634788392,0.5433809042402623,-0.42401336384350113,-0.36024555500929173,,whisper_layer4
full,PC3,ɛ,1460.48466474007,1483.5806134197512,-724.242332370035,2.684227233573438,0.10134637995502102,0.015040497850326894,0.016917932219200148,0.0183109838393427,0.19480625767674706,0.012316960717060715,0.08794008348614024,-0.8348354860925795,whisper_layer4
extended,PC3,ɛ,1460.48466474007,1483.5806134197512,-724.242332370035,,,0.015040497850326894,0.016917932219200148,0.0183109838393427,0.19480625767674706,0.012316960717060715,0.08794008348614024,-0.8348354860925795,whisper_layer4
intercept_only,PC3,i,7657.01496214283,7673.619250113942,-3825.507481071415,,,0.06114167998346134,3.306953160147583e-36,0.06114167998346134,0.01606120929293024,,,,whisper_layer4
main,PC3,i,7660.741521188551,7688.415334473739,-3825.3707605942755,0.2734409542790672,0.8722139958119713,0.06114167998346134,0.0010063983020400522,0.06114664492003289,-0.07934761220153141,0.14162637819034793,0.04453404854836424,,whisper_layer4
full,PC3,i,7662.720642830207,7695.929218772432,-3825.3603214151035,0.020878358343907166,0.8851108249016286,0.06114167998346134,0.0010698926880332266,0.06112941097099577,-0.04722724862250602,0.10142157838244222,0.0032222770358911624,0.08198395176284355,whisper_layer4
extended,PC3,i,7662.720642830207,7695.929218772432,-3825.3603214151035,,,0.06114167998346134,0.0010698926880332266,0.06112941097099577,-0.04722724862250602,0.10142157838244222,0.0032222770358911624,0.08198395176284355,whisper_layer4
random_slope,PC3,i,7666.66174223177,7710.93984348807,-3825.330871115885,0.05890059843659401,0.9709791348639936,0.06114167998346134,0.0010759392284676187,0.05571676953434781,-0.047227248622503826,0.10151049968750221,0.003231355594573711,0.08176455595323444,whisper_layer4
intercept_only,PC3,o,528.8259718357218,537.0345671809054,-261.4129859178609,,,0.0983568091898835,3.2872789118732116e-35,0.0983568091898835,-0.10980274502122601,,,,whisper_layer4
main,PC3,o,532.6022365887638,546.2832288307363,-261.3011182943819,0.22373524695797187,0.8941626158025551,0.0983568091898835,0.012742670600379691,0.03863362669878951,-0.4284119828835907,0.0775881632288023,0.5864104318996557,,whisper_layer4
full,PC3,o,534.2562568453964,550.6734475357633,-261.1281284226982,0.3459797433674794,0.5563977702217224,0.0983568091898835,0.01483682357476921,0.04566622927926185,-0.21497352297107447,-0.18920991166184264,0.3119895548692778,0.5412189519210222,whisper_layer4
extended,PC3,o,534.2562568453964,550.6734475357633,-261.1281284226982,,,0.0983568091898835,0.01483682357476921,0.04566622927926185,-0.21497352297107447,-0.18920991166184264,0.3119895548692778,0.5412189519210222,whisper_layer4
intercept_only,PC3,u,2833.728932171084,2847.437376432327,-1413.864466085542,,,0.022409787606058117,0.0,0.022409787606058117,0.05560896887686041,,,,whisper_layer4
main,PC3,u,2837.24694065685,2860.0943477589212,-1413.623470328425,0.4819915142343234,0.7858449606293691,0.022409787606058117,0.0012153799737114072,0.02276287236924113,0.004376164704996821,-0.007203324028441723,0.11912899198988192,,whisper_layer4
full,PC3,u,2839.220786902304,2866.63767542479,-1413.610393451152,0.026153754545703123,0.8715253895988897,0.022409787606058117,0.0012735369193794105,0.022722293770056426,-0.0234698786672457,0.027390148726231075,0.1550249787550569,-0.07049123291891461,whisper_layer4
extended,PC3,u,2839.220786902304,2866.63767542479,-1413.610393451152,,,0.022409787606058117,0.0012735369193794105,0.022722293770056426,-0.0234698786672457,0.027390148726231075,0.1550249787550569,-0.07049123291891461,whisper_layer4
random_slope,PC3,u,2847.131460352468,2883.6873117157825,-1415.565730176234,-3.910673450163813,1.0,0.022409787606058117,0.0014914399973555061,0.004424172847147951,-0.023708631581027786,0.014154769410951685,0.154290965645052,-0.05868963009913485,whisper_layer4
intercept_only,PC3,y,2243.5221725172573,2256.3857481977425,-1118.7610862586287,,,0.02163767605069374,2.0458505334662192e-34,0.02163767605069374,-0.16058403305435037,,,,whisper_layer4
main,PC3,y,2247.4989915642395,2268.9382843650483,-1118.7494957821198,0.023180953017799766,0.9884764343050518,0.02163767605069374,6.919956670786667e-05,0.0216128365700384,-0.17681311115323217,0.0323281519089418,7.26354289008351e-05,,whisper_layer4
full,PC3,y,2247.4219889738656,2273.1491403348364,-1117.7109944869328,2.0770025903739224,0.14953356293244643,0.02163767605069374,0.005996737534791851,0.022102637791187513,0.10346942834245638,-0.32615489702828876,-0.3592933183544206,0.7170681845214039,whisper_layer4
extended,PC3,y,2247.4219889738656,2273.1491403348364,-1117.7109944869328,,,0.02163767605069374,0.005996737534791851,0.022102637791187513,0.10346942834245638,-0.32615489702828876,-0.3592933183544206,0.7170681845214039,whisper_layer4
intercept_only,PC3,ø,1021.8444649202861,1032.1325018071493,-507.92223246014305,,,0.02590094138885992,1.5234168345935094e-34,0.02590094138885992,-0.12788428798988705,,,,whisper_layer4
main,PC3,ø,1020.0849696612499,1037.231697806022,-505.04248483062497,5.759495259036157,0.05614893137906876,0.02590094138885992,0.02996411788732412,0.04694875951932814,0.4559520746341858,-0.28661769028748885,-0.9073292127591313,,whisper_layer4
full,PC3,ø,1020.3514120111711,1040.9274857848977,-504.17570600558554,1.7335576500788648,0.18795718972852277,0.02590094138885992,0.03953796140170687,0.05947833266100256,0.8887774261335507,-0.8286169273444458,-1.4638189504011732,1.0842260736472225,whisper_layer4
extended,PC3,ø,1020.3514120111711,1040.9274857848977,-504.17570600558554,,,0.02590094138885992,0.03953796140170687,0.05947833266100256,0.8887774261335507,-0.8286169273444458,-1.4638189504011732,1.0842260736472225,whisper_layer4
intercept_only,PC3,ə,499.32146194324105,507.6079837476343,-246.66073097162052,,,1.3289418474252576e-10,4.852278298097546e-35,1.3289418474252576e-10,0.06046803063519712,,,,whisper_layer4
main,PC3,ə,502.2520424558036,516.0629121297924,-246.1260212279018,1.0694194874374716,0.5858393090083298,1.3289418474252576e-10,0.009098691591039447,0.009098691691949181,0.2768370800368068,-0.330719484297462,0.23049442202254283,,whisper_layer4
full,PC3,ə,504.2293131756453,520.8023567844318,-246.11465658782265,0.022729280158273468,0.880163202817947,1.3289418474252576e-10,0.009291172668931777,0.009291172771356368,0.3015450879827013,-0.36108354225657485,0.16310894584999147,0.19040456376577916,whisper_layer4
extended,PC3,ə,504.2293131756453,520.8023567844318,-246.11465658782265,,,1.3289418474252576e-10,0.009291172668931777,0.009291172771356368,0.3015450879827013,-0.36108354225657485,0.16310894584999147,0.19040456376577916,whisper_layer4
random_slope,PC3,ə,516.0078902848709,538.105281763253,-250.00394514243544,-7.77857710922558,1.0,1.3289418474252576e-10,0.007617120211093379,0.008900996923116966,0.3033711364702624,-0.2551195778565809,0.1612607230068156,0.4415452690558252,whisper_layer4
intercept_only,PC4,a,12240.616394480825,12258.732898754188,-6117.3081972404125,,,0.008225206737440467,4.0496238837420007e-33,0.008225206737440467,-0.3447451544265518,,,,whisper_layer4
main,PC4,a,12238.504689950354,12268.698863739293,-6114.252344975177,6.111704530470888,0.04708257682269122,0.008225206737440467,0.0038336651082370794,0.0077884997176534305,-0.5246933065558375,0.10795900680946653,0.265459226040458,,whisper_layer4
full,PC4,a,12240.298653846734,12276.53166239346,-6114.149326923367,0.2060361036201357,0.6498921662842096,0.008225206737440467,0.003927806833342571,0.007775442355493615,-0.5607689240117623,0.15208035704075928,0.31205221907441394,-0.09083187552983887,whisper_layer4
extended,PC4,a,12240.298653846734,12276.53166239346,-6114.149326923367,,,0.008225206737440467,0.003927806833342571,0.007775442355493615,-0.5607689240117623,0.15208035704075928,0.31205221907441394,-0.09083187552983887,whisper_layer4
intercept_only,PC4,ɑ,4619.837201366488,4634.581394044644,-2306.918600683244,,,0.027380291748819504,8.321547214949325e-36,0.027380291748819504,-0.059059456074322704,,,,whisper_layer4
main,PC4,ɑ,4642.535187637242,4667.108842100835,-2316.267593818621,-18.697986270753972,1.0,0.027380291748819504,0.004113286098625658,0.004113286098625658,-0.18766905420421168,0.3542057118452516,0.14854720362958518,,whisper_layer4
full,PC4,ɑ,4622.799597018713,4652.2879823750245,-2305.3997985093565,21.735590618529386,3.129314561623524e-06,0.027380291748819504,0.007622190479636461,0.02815592780619665,-0.41297414738679633,0.2812573415997646,0.5637006672422183,-0.6980165524972783,whisper_layer4
extended,PC4,ɑ,4622.799597018713,4652.2879823750245,-2305.3997985093565,,,0.027380291748819504,0.007622190479636461,0.02815592780619665,-0.41297414738679633,0.2812573415997646,0.5637006672422183,-0.6980165524972783,whisper_layer4
intercept_only,PC4,e,1055.9294564484305,1066.3838472489024,-524.9647282242153,,,0.0065587954544726835,0.0,0.0065587954544726835,-0.3054308687585762,,,,whisper_layer4
main,PC4,e,1059.8166234697258,1077.240608137179,-524.9083117348629,0.11283297870477327,0.9451454109048566,0.0065587954544726835,0.0005263264655793938,0.007235664581278902,-0.2750205660315704,0.017463596143170574,-0.08712791959325028,,whisper_layer4
full,PC4,e,1060.6633239566384,1081.5721055575823,-524.3316619783192,1.1532995130874042,0.28285950970312007,0.0065587954544726835,0.005848195847917626,0.013487935267879234,0.03928224928677066,-0.36763621235727906,-0.49019652828679455,0.7765263803658121,whisper_layer4
extended,PC4,e,1060.6633239566384,1081.5721055575823,-524.3316619783192,,,0.0065587954544726835,0.005848195847917626,0.013487935267879234,0.03928224928677066,-0.36763621235727906,-0.49019652828679455,0.7765263803658121,whisper_layer4
intercept_only,PC4,ɛ,1436.4034120431124,1447.951386382953,-715.2017060215562,,,0.00101123126061473,8.530652971100495e-34,0.00101123126061473,-0.46473925286406104,,,,whisper_layer4
main,PC4,ɛ,1436.1906093276007,1455.437233227335,-713.0953046638003,4.212802715511771,0.12167504447303995,0.00101123126061473,0.012586298243738652,0.01469165919597422,-0.6537883248328263,-0.02147633317271386,0.414619019350043,,whisper_layer4
full,PC4,ɛ,1436.7225621199918,1459.818510799673,-712.3612810599959,1.4680472076088336,0.22565405324606955,0.00101123126061473,0.017041714207670023,0.01954659359809073,-0.9084857894211172,0.29731605933459365,0.7420788863205146,-0.6112011118130419,whisper_layer4
extended,PC4,ɛ,1436.7225621199918,1459.818510799673,-712.3612810599959,,,0.00101123126061473,0.017041714207670023,0.01954659359809073,-0.9084857894211172,0.29731605933459365,0.7420788863205146,-0.6112011118130419,whisper_layer4
intercept_only,PC4,i,7438.567042173878,7455.17133014499,-3716.283521086939,,,0.013557282731868854,2.4700273953085445e-34,0.013557282731868854,0.13754462501526957,,,,whisper_layer4
main,PC4,i,7438.560216500884,7466.234029786072,-3714.280108250442,4.0068256729937275,0.13487419330249065,0.013557282731868854,0.0044911685113347396,0.013567546721867925,0.20288012232854577,-0.18896954867056937,0.07001987905358999,,whisper_layer4
full,PC4,i,7440.558298641588,7473.766874583814,-3714.279149320794,0.0019178592956450302,0.9650691116281384,0.013557282731868854,0.004493252948214683,0.013565793413500964,0.20752360748455745,-0.1948031437286482,0.06404186557381968,0.01207226796977979,whisper_layer4
extended,PC4,i,7440.558298641588,7473.766874583814,-3714.279149320794,,,0.013557282731868854,0.004493252948214683,0.013565793413500964,0.20752360748455745,-0.1948031437286482,0.06404186557381968,0.01207226796977979,whisper_layer4
intercept_only,PC4,o,535.8519059817883,544.0605013269718,-264.92595299089413,,,6.64061248193502e-10,5.043251389506998e-34,6.64061248193502e-10,-0.29567998869900125,,,,whisper_layer4
main,PC4,o,537.9318796393062,551.6128718812787,-263.9659398196531,1.9200263424820605,0.3828878428338345,6.64061248193502e-10,0.01670129695888403,0.016701297173454692,-0.16253499004622643,-0.46970685151243796,0.24081261563573975,,whisper_layer4
full,PC4,o,538.2317793305929,554.6489700209598,-263.11588966529644,1.7001003087133313,0.1922748594428152,6.64061248193502e-10,0.03125658604451188,0.03125658631603571,-0.7397624555354324,0.2518274803490693,0.9829622141218618,-1.4636839303476297,whisper_layer4
extended,PC4,o,538.2317793305929,554.6489700209598,-263.11588966529644,,,6.64061248193502e-10,0.03125658604451188,0.03125658631603571,-0.7397624555354324,0.2518274803490693,0.9829622141218618,-1.4636839303476297,whisper_layer4
intercept_only,PC4,u,2661.1024052806933,2674.810849541936,-1327.5512026403467,,,0.01065819936890613,3.171006415587546e-34,0.01065819936890613,0.14477393644221806,,,,whisper_layer4
main,PC4,u,2664.460529697486,2687.3079367995574,-1327.230264848743,0.6418755832073657,0.7254683798109176,0.01065819936890613,0.0012227468870577081,0.010632376624225153,0.2600484463317152,-0.1340490499303551,-0.09303243158319184,,whisper_layer4
full,PC4,u,2666.416390769815,2693.8332792923006,-1327.2081953849074,0.044138927671156125,0.833595350612289,0.01065819936890613,0.0013041487131775728,0.010591147038257935,0.23225459577031715,-0.09964815302200496,-0.05716425510513765,-0.0703159551578704,whisper_layer4
extended,PC4,u,2666.416390769815,2693.8332792923006,-1327.2081953849074,,,0.01065819936890613,0.0013041487131775728,0.010591147038257935,0.23225459577031715,-0.09964815302200496,-0.05716425510513765,-0.0703159551578704,whisper_layer4
intercept_only,PC4,y,2227.7378852286934,2240.6014609091785,-1110.8689426143467,,,0.01254482860191353,2.1130629783048513e-34,0.01254482860191353,-0.2263186223800666,,,,whisper_layer4
main,PC4,y,2226.5113432176545,2247.9506360184632,-1108.2556716088272,5.226542011038873,0.07329440482654564,0.01254482860191353,0.011509768064716893,0.012797621794159213,0.0708419352204444,-0.12455661353135745,-0.4653886281282808,,whisper_layer4
full,PC4,y,2227.3015055624096,2253.0286569233804,-1107.6507527812048,1.2098376552448826,0.27136427623842485,0.01254482860191353,0.013852913088724276,0.015617245094413201,0.24341227151453454,-0.3476597354786615,-0.686606936370404,0.44445963686018447,whisper_layer4
extended,PC4,y,2227.3015055624096,2253.0286569233804,-1107.6507527812048,,,0.01254482860191353,0.013852913088724276,0.015617245094413201,0.24341227151453454,-0.3476597354786615,-0.686606936370404,0.44445963686018447,whisper_layer4
random_slope,PC4,y,2231.9085637756793,2266.2114322569737,-1107.9542818878397,-0.6070582132697382,1.0,0.01254482860191353,0.013715028054737614,0.028629473380203444,0.24341227151453562,-0.3495943266840449,-0.6868033710792623,0.44789886465366724,whisper_layer4
intercept_only,PC4,ø,1025.8452845110573,1036.1333213979206,-509.9226422555287,,,0.041490971704742724,5.961673733410693e-34,0.041490971704742724,-0.28764401416171576,,,,whisper_layer4
main,PC4,ø,1028.5472012854063,1045.6939294301785,-509.2736006427032,1.2980832256509984,0.5225463385656587,0.041490971704742724,0.008064285854366379,0.04144947803345142,-0.7293387844882113,0.4538508059117814,0.42534812711882125,,whisper_layer4
full,PC4,ø,1029.1159652023812,1049.6920389761078,-508.5579826011906,1.4312360830251691,0.23156281499442255,0.041490971704742724,0.017527382255177592,0.026704449723321175,-0.29997610983749046,-0.08518252299846471,-0.12668959743210453,1.075027062638316,whisper_layer4
extended,PC4,ø,1029.1159652023812,1049.6920389761078,-508.5579826011906,,,0.041490971704742724,0.017527382255177592,0.026704449723321175,-0.29997610983749046,-0.08518252299846471,-0.12668959743210453,1.075027062638316,whisper_layer4
intercept_only,PC4,ə,470.01487595888113,478.3013977632744,-232.00743797944057,,,0.04634265388672267,9.850242648839872e-34,0.04634265388672267,-0.31114747926255065,,,,whisper_layer4
main,PC4,ə,473.89126335651133,487.70213303050014,-231.94563167825567,0.12361260236980343,0.9400649586255716,0.04634265388672267,0.001516335696018655,0.047656300941224305,-0.45487994540510385,0.1688911999240007,0.14072540716697543,,whisper_layer4
full,PC4,ə,472.3992777075898,488.97232131637634,-230.1996388537949,3.4919856489215135,0.06166657689381407,0.04634265388672267,0.018741651695750795,0.018741652442148787,-0.7294415982821886,0.523125687432431,0.7580633562654469,-1.4178430735741563,whisper_layer4
extended,PC4,ə,472.3992777075898,488.97232131637634,-230.1996388537949,,,0.04634265388672267,0.018741651695750795,0.018741652442148787,-0.7294415982821886,0.523125687432431,0.7580633562654469,-1.4178430735741563,whisper_layer4
intercept_only,PC5,a,11983.349528109113,12001.466032382476,-5988.674764054556,,,0.002308197265070669,2.4817372802579087e-33,0.002308197265070669,-0.24747127363343568,,,,whisper_layer4
main,PC5,a,11986.961499432986,12017.155673221925,-5988.480749716493,0.38802867612685077,0.8236460946939681,0.002308197265070669,0.00016779917424589627,0.002315427621531903,-0.2889920019989882,0.030903439097790128,0.05473157560352999,,whisper_layer4
full,PC5,a,11988.805251046357,12025.038259593082,-5988.402625523178,0.15624838662915863,0.6926342899772004,0.002308197265070669,0.00023541245300420986,0.0023029941159807324,-0.26154160244097163,-0.002575280075006984,0.019217030419472498,0.06911116905473329,whisper_layer4
extended,PC5,a,11988.805251046357,12025.038259593082,-5988.402625523178,,,0.002308197265070669,0.00023541245300420986,0.0023029941159807324,-0.26154160244097163,-0.002575280075006984,0.019217030419472498,0.06911116905473329,whisper_layer4
random_slope,PC5,a,11990.023265462125,12038.333943524427,-5987.0116327310625,2.781985584231734,0.24882814734117797,0.002308197265070669,0.000237906118498961,0.007980104769614388,-0.26132103556002784,-0.003610624811523089,0.021381756816722348,0.06682229282783327,whisper_layer4
intercept_only,PC5,ɑ,4581.97437318212,4596.718565860276,-2287.98718659106,,,0.014962448926957583,2.2277209229489947e-33,0.014962448926957583,-0.27669520567562944,,,,whisper_layer4
main,PC5,ɑ,4585.12243751144,4609.696091975033,-2287.56121875572,0.8519356706801773,0.6531373497235519,0.014962448926957583,0.0016579496128986345,0.016872869193636033,-0.43253746121644526,0.21850801690465535,0.1095430389374555,,whisper_layer4
full,PC5,ɑ,4586.654079348402,4616.142464704713,-2287.327039674201,0.46835816303791944,0.49374346151154236,0.014962448926957583,0.0024873399778011923,0.0177990587980058,-0.5544175992706072,0.3929896076391386,0.26549228313285417,-0.327239760257069,whisper_layer4
extended,PC5,ɑ,4586.654079348402,4616.142464704713,-2287.327039674201,,,0.014962448926957583,0.0024873399778011923,0.0177990587980058,-0.5544175992706072,0.3929896076391386,0.26549228313285417,-0.327239760257069,whisper_layer4
intercept_only,PC5,e,1040.2702697523052,1050.724660552777,-517.1351348761526,,,0.020772335542324216,1.1227438810822241e-35,0.020772335542324216,-0.01554236494407489,,,,whisper_layer4
main,PC5,e,1038.5785678007871,1056.0025524682403,-514.2892839003936,5.691701951518098,0.05808481693133409,0.020772335542324216,0.026077023831785305,0.03271620524109191,0.5175819132108561,-0.3024052263895012,-0.8040498770053949,,whisper_layer4
full,PC5,e,1040.5757185615182,1061.4845001624622,-514.2878592807591,0.002849239268925885,0.9574305218317122,0.020772335542324216,0.02608721518155399,0.03273001328321824,0.5325446526209501,-0.32075681807940726,-0.8232415824990684,0.03699300894783443,whisper_layer4
extended,PC5,e,1040.5757185615182,1061.4845001624622,-514.2878592807591,,,0.020772335542324216,0.02608721518155399,0.03273001328321824,0.5325446526209501,-0.32075681807940726,-0.8232415824990684,0.03699300894783443,whisper_layer4
intercept_only,PC5,ɛ,1337.3298825503493,1348.8778568901898,-665.6649412751747,,,0.0014935693879681142,1.1349459522755942e-33,0.0014935693879681142,-0.18138894204899458,,,,whisper_layer4
main,PC5,ɛ,1337.6002201029828,1356.846844002717,-663.8001100514914,3.729662447366536,0.15492235490295503,0.0014935693879681142,0.011329781655489358,0.013870760911386776,-0.2980017359582069,0.29682159067236535,-0.08606269827987958,,whisper_layer4
full,PC5,ɛ,1339.6000291926216,1362.6959778723028,-663.8000145963108,0.0001909103611978935,0.9889759546087215,0.0014935693879681142,0.011330764992767275,0.013872370750540493,-0.2950502669231765,0.2931273044236117,-0.0898574619645962,0.007088271038687489,whisper_layer4
extended,PC5,ɛ,1339.6000291926216,1362.6959778723028,-663.8000145963108,,,0.0014935693879681142,0.011330764992767275,0.013872370750540493,-0.2950502669231765,0.2931273044236117,-0.0898574619645962,0.007088271038687489,whisper_layer4
intercept_only,PC5,i,7003.08282412424,7019.687112095352,-3498.54141206212,,,0.013156908672367998,1.9485503682918738e-35,0.013156908672367998,0.04490710040618344,,,,whisper_layer4
main,PC5,i,7001.027593742312,7028.7014070275,-3495.513796871156,6.055230381927686,0.04843099919884837,0.013156908672367998,0.006341685165836337,0.01331365281692207,0.13598310105414982,-0.21909518165825498,0.04838516640693484,,whisper_layer4
full,PC5,i,7002.898059086512,7036.106635028737,-3495.449029543256,0.12953465579994372,0.7189150123672,0.013156908672367998,0.006459750634984859,0.01331988335237032,0.16789167922209275,-0.2592006541376839,0.007286189745814584,0.08321850283255267,whisper_layer4
extended,PC5,i,7002.898059086512,7036.106635028737,-3495.449029543256,,,0.013156908672367998,0.006459750634984859,0.01331988335237032,0.16789167922209275,-0.2592006541376839,0.007286189745814584,0.08321850283255267,whisper_layer4
intercept_only,PC5,o,497.27848497900845,505.48708032419194,-245.63924248950423,,,1.6909306989832408e-10,4.421198017002497e-35,1.6909306989832408e-10,-0.08216665894315955,,,,whisper_layer4
main,PC5,o,500.8565283680475,514.53752061002,-245.42826418402376,0.4219566109609332,0.8097916347311502,1.6909306989832408e-10,0.003694532146963247,0.003694532322491018,-0.32854726861182915,0.18811112013973383,0.31112448692304273,,whisper_layer4
full,PC5,o,501.53634393121297,517.9535346215799,-244.76817196560648,1.3201844368345519,0.25055895272712275,1.6909306989832408e-10,0.015165762813758555,0.015165763089484075,0.10413281992077879,-0.35273899052602603,-0.24517848404745318,1.0971530816362556,whisper_layer4
extended,PC5,o,501.53634393121297,517.9535346215799,-244.76817196560648,,,1.6909306989832408e-10,0.015165762813758555,0.015165763089484075,0.10413281992077879,-0.35273899052602603,-0.24517848404745318,1.0971530816362556,whisper_layer4
intercept_only,PC5,u,2462.531113794119,2476.2395580553616,-1228.2655568970595,,,0.00898728769566665,1.637207330134098e-36,0.00898728769566665,0.008734051763292653,,,,whisper_layer4
main,PC5,u,2463.9544340968787,2486.80184119895,-1226.9772170484393,2.5766796972402517,0.2757281538074051,0.00898728769566665,0.004484907396020643,0.009196175439638025,-0.19056922475154264,0.2147979659581757,0.18098133358897725,,whisper_layer4
full,PC5,u,2465.0874102816333,2492.504298804119,-1226.5437051408167,0.8670238152453749,0.35178056217268305,0.00898728769566665,0.005877570632840041,0.009438925560816245,-0.2899622851157752,0.3372323519873993,0.30937042128421255,-0.2506227682549018,whisper_layer4
extended,PC5,u,2465.0874102816333,2492.504298804119,-1226.5437051408167,,,0.00898728769566665,0.005877570632840041,0.009438925560816245,-0.2899622851157752,0.3372323519873993,0.30937042128421255,-0.2506227682549018,whisper_layer4
intercept_only,PC5,y,2140.883268010421,2153.746843690906,-1067.4416340052105,,,0.00014765297850516452,0.0,0.00014765297850516452,0.15406263356342878,,,,whisper_layer4
main,PC5,y,2143.22750424589,2164.666797046699,-1066.613752122945,1.6557637645310024,0.4369738688897038,0.00014765297850516452,0.003147071324819713,0.0036370613415022458,0.31088775476520886,-0.0807111781659332,-0.23037612589048861,,whisper_layer4
full,PC5,y,2143.023108644788,2168.7502600057587,-1065.511554322394,2.204395601102078,0.13761782201429404,0.00014765297850516452,0.007421304008730541,0.008360084681172997,0.525535972540578,-0.35743797819020956,-0.5055284642551157,0.551998543085349,whisper_layer4
extended,PC5,y,2143.023108644788,2168.7502600057587,-1065.511554322394,,,0.00014765297850516452,0.007421304008730541,0.008360084681172997,0.525535972540578,-0.35743797819020956,-0.5055284642551157,0.551998543085349,whisper_layer4
intercept_only,PC5,ø,984.6587504419251,994.9467873287884,-489.32937522096256,,,0.01951433204551095,0.0,0.01951433204551095,-0.0556660345130361,,,,whisper_layer4
main,PC5,ø,988.2701158002474,1005.4168439450195,-489.1350579001237,0.3886346416777542,0.8233965819151535,0.01951433204551095,0.0023113054016187565,0.022557288879440248,-0.20852873993476184,0.07876378592865309,0.23344155230514027,,whisper_layer4
full,PC5,ø,990.1853569439295,1010.7614307176561,-489.09267847196475,0.08475885631787605,0.7709490339179081,0.01951433204551095,0.0028279959109154397,0.02324129653813334,-0.11742059513926525,-0.035320998993669896,0.11630250899664454,0.22833464832984204,whisper_layer4
extended,PC5,ø,990.1853569439295,1010.7614307176561,-489.09267847196475,,,0.01951433204551095,0.0028279959109154397,0.02324129653813334,-0.11742059513926525,-0.035320998993669896,0.11630250899664454,0.22833464832984204,whisper_layer4
intercept_only,PC5,ə,480.52275499491077,488.80927679930403,-237.26137749745538,,,0.028989235315841685,3.626239065876434e-33,0.028989235315841685,-0.21138377131056388,,,,whisper_layer4
main,PC5,ə,480.6316892489201,494.4425589229089,-235.31584462446006,3.891065745990659,0.14291104960536394,0.028989235315841685,0.026938122182131426,0.026938124552553264,-0.8186620357375637,0.7577882217214295,0.3690840763876941,,whisper_layer4
full,PC5,ə,481.99505672805606,498.5681003368426,-234.99752836402803,0.6366325208640546,0.4249328472375644,0.028989235315841685,0.03221846742532271,0.03221846811819723,-0.6995944989289431,0.611464259170104,0.04435443413389014,0.9175568493656436,whisper_layer4
extended,PC5,ə,481.99505672805606,498.5681003368426,-234.99752836402803,,,0.028989235315841685,0.03221846742532271,0.03221846811819723,-0.6995944989289431,0.611464259170104,0.04435443413389014,0.9175568493656436,whisper_layer4
intercept_only,PC1,a,28563.08547852532,28581.201982798684,-14278.54273926266,,,0.03426168641055312,0.0,0.03426168641055312,-10.345079160121543,,,,xlsr_layer3
main,PC1,a,28552.0269560505,28582.22112983944,-14271.01347802525,15.058522474821075,0.0005371349253337656,0.03426168641055312,0.021125897507636528,0.03347931352952734,-4.646914448187092,-3.1488349716366293,-8.644006319228758,,xlsr_layer3
full,PC1,a,28549.40799942723,28585.641007973954,-14268.703999713614,4.618956623271515,0.031620466787486895,0.03426168641055312,0.024477053152455047,0.03288563367805737,-1.6267275461800423,-6.905695550195519,-12.529003608033205,7.654593555599273,xlsr_layer3
extended,PC1,a,28549.40799942723,28585.641007973954,-14268.703999713614,,,0.03426168641055312,0.024477053152455047,0.03288563367805737,-1.6267275461800423,-6.905695550195519,-12.529003608033205,7.654593555599273,xlsr_layer3
intercept_only,PC1,ɑ,6924.984651698014,6939.72884437617,-3459.492325849007,,,0.4264311519505645,0.0,0.4264311519505645,-12.462870646602799,,,,xlsr_layer3
main,PC1,ɑ,6913.702650788602,6938.276305252195,-3451.851325394301,15.28200090941209,0.0004803476455234025,0.4264311519505645,0.22418564661259413,0.40959650770446704,-11.790721615640564,4.547131463056536,-6.1996128686564855,,xlsr_layer3
full,PC1,ɑ,6914.927374472258,6944.415759828569,-3451.463687236129,0.7752763163443888,0.37858971473601155,0.4264311519505645,0.22265645904619277,0.4021821214451288,-13.394099889344332,6.615593055749499,-4.139890420596067,-4.124424236518037,xlsr_layer3
extended,PC1,ɑ,6914.927374472258,6944.415759828569,-3451.463687236129,,,0.4264311519505645,0.22265645904619277,0.4021821214451288,-13.394099889344332,6.615593055749499,-4.139890420596067,-4.124424236518037,xlsr_layer3
intercept_only,PC1,e,1706.8722441179405,1717.3266349184123,-850.4361220589702,,,0.2873149933133383,6.100560800130481e-31,0.2873149933133383,36.66597859221759,,,,xlsr_layer3
main,PC1,e,1709.1828760005476,1726.6068606680008,-849.5914380002738,1.6893681173928599,0.42969309456368154,0.2873149933133383,0.028684290981552073,0.28672074778175444,39.499848250566906,-1.9576875665255336,-3.81227899845891,,xlsr_layer3
full,PC1,e,1706.2819753445576,1727.1907569455016,-847.1409876722788,4.900900655989972,0.02684269216379326,0.2873149933133383,0.09702230373723508,0.284311410122997,44.24440805117274,-7.856814982249792,-9.909482244348002,11.959130540223368,xlsr_layer3
extended,PC1,e,1706.2819753445576,1727.1907569455016,-847.1409876722788,,,0.2873149933133383,0.09702230373723508,0.284311410122997,44.24440805117274,-7.856814982249792,-9.909482244348002,11.959130540223368,xlsr_layer3
intercept_only,PC1,ɛ,2983.8675036082977,2995.4154779481382,-1488.9337518041489,,,0.01266133574095049,4.0369679742156585e-32,0.01266133574095049,27.825415877711947,,,,xlsr_layer3
main,PC1,ɛ,2982.9683680520575,3002.214991951792,-1486.4841840260287,4.899135556240253,0.08633089253721042,0.01266133574095049,0.015307807777974889,0.016378828986277717,24.77110922489949,4.854768501073663,0.9982541570313395,,xlsr_layer3
full,PC1,ɛ,2982.686957134765,3005.782905814446,-1485.3434785673826,2.2814109172923054,0.13093271432828618,0.01266133574095049,0.022011164633756707,0.023596107321984604,27.668089509010397,1.228471516669567,-2.726348780814314,6.947317888632289,xlsr_layer3
extended,PC1,ɛ,2982.686957134765,3005.782905814446,-1485.3434785673826,,,0.01266133574095049,0.022011164633756707,0.023596107321984604,27.668089509010397,1.228471516669567,-2.726348780814314,6.947317888632289,xlsr_layer3
intercept_only,PC1,i,12888.218348438304,12904.822636409417,-6441.109174219152,,,0.3413726635078501,6.068825959569498e-31,0.3413726635078501,48.958244143951646,,,,xlsr_layer3
main,PC1,i,12887.93815231537,12915.611965600558,-6438.969076157685,4.280196122934285,0.11764330618092504,0.3413726635078501,0.07008394575481218,0.3412940076781568,46.1533015442697,0.6577242387957293,5.190319732267896,,xlsr_layer3
full,PC1,i,12889.168917101795,12922.37749304402,-6438.584458550898,0.769235213574575,0.3804537491442228,0.3413726635078501,0.07938296703116936,0.34004261827863125,48.005102232391785,-1.6576227255028135,2.8092479213496264,4.7011902696960615,xlsr_layer3
extended,PC1,i,12889.168917101795,12922.37749304402,-6438.584458550898,,,0.3413726635078501,0.07938296703116936,0.34004261827863125,48.005102232391785,-1.6576227255028135,2.8092479213496264,4.7011902696960615,xlsr_layer3
intercept_only,PC1,o,710.7195785161516,718.9281738613352,-352.3597892580758,,,0.4618343633893077,7.3023099189065195e-31,0.4618343633893077,15.838118739295432,,,,xlsr_layer3
main,PC1,o,713.7349660639736,727.4159583059461,-351.8674830319868,0.9846124521779984,0.6112151671411393,0.4618343633893077,0.027853147615490927,0.46183581693989567,18.10626839220246,-2.265108364568641,-2.271528862171898,,xlsr_layer3
full,PC1,o,715.4858085063486,731.9029991967155,-351.7429042531743,0.24915755762503977,0.6176688926139031,0.4618343633893077,0.03467551102929048,0.461836604938361,17.10925292968751,-1.0188390364249638,-0.9896518389383996,-2.5281463513771567,xlsr_layer3
extended,PC1,o,715.4858085063486,731.9029991967155,-351.7429042531743,,,0.4618343633893077,0.03467551102929048,0.461836604938361,17.10925292968751,-1.0188390364249638,-0.9896518389383996,-2.5281463513771567,xlsr_layer3
intercept_only,PC1,u,5569.104446047856,5582.812890309099,-2781.552223023928,,,0.08490925907597234,2.0978557853023497e-32,0.08490925907597234,12.577310814545834,,,,xlsr_layer3
main,PC1,u,5564.3566670638675,5587.204074165939,-2777.1783335319337,8.74777898398861,0.012602129240070046,0.08490925907597234,0.04016348769559734,0.08434887398143161,11.694648689322023,3.4561170862516613,-2.0384000520488588,,xlsr_layer3
full,PC1,u,5566.198053575949,5593.614942098435,-2777.0990267879747,0.1586134879180463,0.690436265692981,0.08490925907597234,0.040578507233314326,0.08419745322838212,12.26466333284646,2.746580772442564,-2.7725486745996593,1.4432446138718271,xlsr_layer3
extended,PC1,u,5566.198053575949,5593.614942098435,-2777.0990267879747,,,0.08490925907597234,0.040578507233314326,0.08419745322838212,12.26466333284646,2.746580772442564,-2.7725486745996593,1.4432446138718271,xlsr_layer3
intercept_only,PC1,y,4655.912534291951,4668.776109972436,-2324.9562671459753,,,0.049655017290670365,5.967816694687036e-31,0.049655017290670365,34.35452456277058,,,,xlsr_layer3
main,PC1,y,4652.514193544715,4673.953486345525,-2321.2570967723577,7.398340747235125,0.024744046270873083,0.049655017290670365,0.02716765564209731,0.04387471364108268,37.15640331817428,0.3747259384920412,-5.842745697376696,,xlsr_layer3
full,PC1,y,4651.633383094151,4677.3605344551215,-2319.8166915470756,2.8808104505642405,0.08964089463576635,0.049655017290670365,0.03510293867949923,0.044706536974330385,40.0924645304681,-3.3097415690312926,-9.611571231599175,7.444070158197195,xlsr_layer3
extended,PC1,y,4651.633383094151,4677.3605344551215,-2319.8166915470756,,,0.049655017290670365,0.03510293867949923,0.044706536974330385,40.0924645304681,-3.3097415690312926,-9.611571231599175,7.444070158197195,xlsr_layer3
intercept_only,PC1,ø,1609.1360273538521,1619.4240642407153,-801.5680136769261,,,0.4179789444128746,5.356137809893436e-31,0.4179789444128746,32.976988867851404,,,,xlsr_layer3
main,PC1,ø,1611.490645100539,1628.6373732453112,-800.7453225502695,1.6453822533130733,0.4392479905493458,0.4179789444128746,0.039305388265928144,0.4183397203537568,36.99600987049262,-4.599282484046895,-3.3716699391758236,,xlsr_layer3
full,PC1,ø,1610.5832013291588,1631.1592751028854,-799.2916006645794,2.907443771380258,0.08817152370316966,0.4179789444128746,0.09931289011768513,0.41774800507426707,41.628255764643455,-10.392774170260047,-9.327414660226852,11.728517070464527,xlsr_layer3
extended,PC1,ø,1610.5832013291588,1631.1592751028854,-799.2916006645794,,,0.4179789444128746,0.09931289011768513,0.41774800507426707,41.628255764643455,-10.392774170260047,-9.327414660226852,11.728517070464527,xlsr_layer3
intercept_only,PC1,ə,958.4837837501983,966.7703055545916,-476.24189187509916,,,0.35683281316213405,0.0,0.35683281316213405,0.9418390750500374,,,,xlsr_layer3
main,PC1,ə,961.4530258989977,975.2638955729865,-475.72651294949884,1.030757851200633,0.5972742292372599,0.35683281316213405,0.02152008807505423,0.36605530381137646,-3.7442105054559294,3.632166515832075,7.7459516234387635,,xlsr_layer3
full,PC1,ə,960.8914404793217,977.4644840881082,-474.44572023966083,2.561585419676021,0.10948873390757519,0.35683281316213405,0.05545884496625287,0.32177131785678326,2.672101524334095,-4.588442999333323,-4.809193578204997,23.8687121503264,xlsr_layer3
extended,PC1,ə,960.8914404793217,977.4644840881082,-474.44572023966083,,,0.35683281316213405,0.05545884496625287,0.32177131785678326,2.672101524334095,-4.588442999333323,-4.809193578204997,23.8687121503264,xlsr_layer3
intercept_only,PC2,a,23478.958048174896,23497.07455244826,-11736.479024087448,,,0.12466278489130762,3.951721344163532e-31,0.12466278489130762,26.8148004328576,,,,xlsr_layer3
main,PC2,a,23480.778379460633,23510.972553249572,-11735.389189730317,2.1796687142632436,0.3362721901838818,0.12466278489130762,0.01323991524762278,0.12387932321115112,29.560978565492487,-3.282685683275808,-2.144889683767753,,xlsr_layer3
full,PC2,a,23481.502331759923,23517.735340306648,-11734.751165879961,1.2760477007104782,0.2586351938565046,0.12466278489130762,0.020726562410705283,0.12386505925014105,31.46360945898389,-5.6561174299209505,-4.591921583456173,4.821227540281032,xlsr_layer3
extended,PC2,a,23481.502331759923,23517.735340306648,-11734.751165879961,,,0.12466278489130762,0.020726562410705283,0.12386505925014105,31.46360945898389,-5.6561174299209505,-4.591921583456173,4.821227540281032,xlsr_layer3
intercept_only,PC2,ɑ,6772.008949638381,6786.7531423165365,-3383.0044748191904,,,0.5415016513470119,2.055913000911456e-30,0.5415016513470119,43.439311589044586,,,,xlsr_layer3
main,PC2,ɑ,6756.688962263146,6781.262616726739,-3373.344481131573,19.319987375234632,6.378492456514199e-05,0.5415016513470119,0.3263173068096657,0.508584572496878,39.53770011843264,-1.7350832636884312,10.343142639230301,,xlsr_layer3
full,PC2,ɑ,6757.980050248518,6787.468435604829,-3372.990025124259,0.7089120146283676,0.39980523342897256,0.5415016513470119,0.32414464318044806,0.502307784842171,41.0785615265641,-3.6979420692133447,8.362174549376297,3.9408547388486803,xlsr_layer3
extended,PC2,ɑ,6757.980050248518,6787.468435604829,-3372.990025124259,,,0.5415016513470119,0.32414464318044806,0.502307784842171,41.0785615265641,-3.6979420692133447,8.362174549376297,3.9408547388486803,xlsr_layer3
intercept_only,PC2,e,1718.4069552321123,1728.8613460325842,-856.2034776160561,,,0.2075350330293097,3.5394033903856893e-31,0.2075350330293097,15.201885984200834,,,,xlsr_layer3
main,PC2,e,1718.0744181496063,1735.4984028170595,-854.0372090748032,4.332537082505951,0.1146044618600579,0.2075350330293097,0.05515238307779274,0.2076293362048468,14.395983379068836,-1.374317808429076,3.2651519588606424,,xlsr_layer3
full,PC2,e,1718.1601892777742,1739.0689708787181,-853.0800946388871,1.9142288718321652,0.16649426442230736,0.2075350330293097,0.07644745370072052,0.20808611279253914,16.914249022801716,-4.502686363674373,0.028198638207825713,6.339896967722789,xlsr_layer3
extended,PC2,e,1718.1601892777742,1739.0689708787181,-853.0800946388871,,,0.2075350330293097,0.07644745370072052,0.20808611279253914,16.914249022801716,-4.502686363674373,0.028198638207825713,6.339896967722789,xlsr_layer3
intercept_only,PC2,ɛ,2462.001610767772,2473.5495851076125,-1228.000805383886,,,0.10892040557846872,0.0,0.10892040557846872,19.536073888968357,,,,xlsr_layer3
main,PC2,ɛ,2453.623559899994,2472.8701837997282,-1221.811779949997,12.378050867778256,0.002051825418720751,0.10892040557846872,0.0748129878990925,0.10852416666647369,19.582394867861254,-2.549508862565528,2.765561156805792,,xlsr_layer3
full,PC2,ɛ,2455.6198251513997,2478.7157738310807,-1221.8099125756999,0.00373474859406997,0.9512695429298265,0.10892040557846872,0.07482636954110163,0.10856980661312224,19.51444625854493,-2.4645077012396137,2.852925149181104,-0.1670164506212887,xlsr_layer3
extended,PC2,ɛ,2455.6198251513997,2478.7157738310807,-1221.8099125756999,,,0.10892040557846872,0.07482636954110163,0.10856980661312224,19.51444625854493,-2.4645077012396137,2.852925149181104,-0.1670164506212887,xlsr_layer3
intercept_only,PC2,i,13564.275861268166,13580.88014923928,-6779.137930634083,,,0.1567530463948624,3.3503253570428954e-32,0.1567530463948624,-7.754884076160212,,,,xlsr_layer3
main,PC2,i,13567.474255118725,13595.148068403912,-6778.737127559362,0.8016061494417954,0.6697819450483269,0.1567530463948624,0.006836655544991347,0.15671237627440432,-8.681334851295027,1.665752942560736,0.10718443139879402,,xlsr_layer3
full,PC2,i,13569.463214977388,13602.671790919612,-6778.731607488694,0.011040141336707165,0.916318616065632,0.1567530463948624,0.006950664194959232,0.15673348313289578,-8.861177308466827,1.8906707692937283,0.338442119111654,-0.45720083282595736,xlsr_layer3
extended,PC2,i,13569.463214977388,13602.671790919612,-6778.731607488694,,,0.1567530463948624,0.006950664194959232,0.15673348313289578,-8.861177308466827,1.8906707692937283,0.338442119111654,-0.45720083282595736,xlsr_layer3
intercept_only,PC2,o,698.9186953710721,707.1272907162556,-346.45934768553604,,,0.3758398509891403,3.979329097602751e-31,0.3758398509891403,28.646777705142373,,,,xlsr_layer3
main,PC2,o,694.5017253934855,708.182717635458,-342.25086269674273,8.416969977586632,0.014868877799235125,0.3758398509891403,0.17174090360740746,0.375841989946833,24.32985010057546,3.0551366022495143,5.7189176071417736,,xlsr_layer3
full,PC2,o,692.4080261930424,708.8252168834093,-340.2040130965212,4.093699200443098,0.04304333937123726,0.3758398509891403,0.2314644167722469,0.3758427673845689,26.99388869603468,-0.27491164207451657,2.2937251272656423,6.7552407242002275,xlsr_layer3
extended,PC2,o,692.4080261930424,708.8252168834093,-340.2040130965212,,,0.3758398509891403,0.2314644167722469,0.3758427673845689,26.99388869603468,-0.27491164207451657,2.2937251272656423,6.7552407242002275,xlsr_layer3
intercept_only,PC2,u,5346.444808672707,5360.15325293395,-2670.2224043363535,,,0.1308148571199477,4.402723078077334e-31,0.1308148571199477,18.78072425788612,,,,xlsr_layer3
main,PC2,u,5349.853085611575,5372.700492713647,-2669.9265428057874,0.5917230611321429,0.7438904269752397,0.1308148571199477,0.004726909437091697,0.13067261704109537,18.887977316462077,-0.8893707572177039,0.769847626982886,,xlsr_layer3
full,PC2,u,5351.057851829651,5378.474740352136,-2669.5289259148253,0.795233781924253,0.3725222218346971,0.1308148571199477,0.010526181603895875,0.1304169648883455,17.26325096348706,1.1365094331154955,2.860338703825853,-4.116543295676225,xlsr_layer3
extended,PC2,u,5351.057851829651,5378.474740352136,-2669.5289259148253,,,0.1308148571199477,0.010526181603895875,0.1304169648883455,17.26325096348706,1.1365094331154955,2.860338703825853,-4.116543295676225,xlsr_layer3
intercept_only,PC2,y,4211.717062996731,4224.5806386772165,-2102.8585314983657,,,0.06001584042528036,1.3219382076957874e-33,0.06001584042528036,2.526154339941093,,,,xlsr_layer3
main,PC2,y,4215.242615360688,4236.681908161498,-2102.621307680344,0.4744476360428962,0.7888147173091762,0.06001584042528036,0.002353735920712504,0.05902916712934018,1.6130789603842597,1.3726086315903865,0.44745074649869926,,xlsr_layer3
full,PC2,y,4215.589166472693,4241.316317833664,-2101.7945832363466,1.6534488879951823,0.19849016830206997,0.06001584042528036,0.010219802945430291,0.05948345448252096,3.633396311849351,-1.172185152365601,-2.1463221244683943,5.14323445715835,xlsr_layer3
extended,PC2,y,4215.589166472693,4241.316317833664,-2101.7945832363466,,,0.06001584042528036,0.010219802945430291,0.05948345448252096,3.633396311849351,-1.172185152365601,-2.1463221244683943,5.14323445715835,xlsr_layer3
intercept_only,PC2,ø,1462.2121990855676,1472.5002359724308,-728.1060995427838,,,0.45834538017823445,9.613016367693309e-31,0.45834538017823445,17.919950224844776,,,,xlsr_layer3
main,PC2,ø,1456.4798058781125,1473.6265340228847,-723.2399029390563,9.732393207455061,0.007702605708032356,0.45834538017823445,0.201241018375927,0.4582137563010827,16.884621999522032,-2.3906437800429017,4.843256496710468,,xlsr_layer3
full,PC2,ø,1457.6963692410109,1478.2724430147375,-722.8481846205054,0.7834366371016586,0.37609215045396005,0.45834538017823445,0.21369341947330925,0.45826164690653115,18.435135404268866,-4.329242558249648,2.849739262035958,3.9245044850064654,xlsr_layer3
extended,PC2,ø,1457.6963692410109,1478.2724430147375,-722.8481846205054,,,0.45834538017823445,0.21369341947330925,0.45826164690653115,18.435135404268866,-4.329242558249648,2.849739262035958,3.9245044850064654,xlsr_layer3
intercept_only,PC2,ə,921.9916206160996,930.2781424204928,-457.9958103080498,,,0.4868036475677599,7.581598736268514e-33,0.4868036475677599,2.383550368074028,,,,xlsr_layer3
main,PC2,ə,924.1786539742551,937.9895236482439,-457.08932698712755,1.8129666418444685,0.4039422644857714,0.4868036475677599,0.04325630355780969,0.4588459297494834,-3.3209650070128993,3.7940028461773876,10.193463500164256,,xlsr_layer3
full,PC2,ə,926.0752346585583,942.6482782673448,-457.03761732927916,0.10341931569678309,0.7477642775922639,0.4868036475677599,0.039499095584545514,0.4507872767826997,-1.9935269997660086,2.062411086105605,7.7904517287787485,4.653437938923286,xlsr_layer3
extended,PC2,ə,926.0752346585583,942.6482782673448,-457.03761732927916,,,0.4868036475677599,0.039499095584545514,0.4507872767826997,-1.9935269997660086,2.062411086105605,7.7904517287787485,4.653437938923286,xlsr_layer3
intercept_only,PC3,a,26325.652381982294,26343.768886255657,-13159.826190991147,,,0.13869017145330167,0.0,0.13869017145330167,-16.379088848552925,,,,xlsr_layer3
main,PC3,a,26310.441785280866,26340.635959069805,-13150.220892640433,19.210596701428585,6.737083487290228e-05,0.13869017145330167,0.08985654234669568,0.13574864099557105,-18.95605976633238,-3.0259643038826276,8.803473293230677,,xlsr_layer3
full,PC3,a,26312.267393004444,26348.50040155117,-13150.133696502222,0.17439227642171318,0.6762373935355552,0.13869017145330167,0.09075898442803892,0.13612996633918498,-18.199390414347842,-3.969123146259633,7.829872584645137,1.9173548371654228,xlsr_layer3
extended,PC3,a,26312.267393004444,26348.50040155117,-13150.133696502222,,,0.13869017145330167,0.09075898442803892,0.13612996633918498,-18.199390414347842,-3.969123146259633,7.829872584645137,1.9173548371654228,xlsr_layer3
intercept_only,PC3,ɑ,6692.429300256588,6707.173492934744,-3343.214650128294,,,0.7755808026878342,1.7356647692098388e-32,0.7755808026878342,-11.504373434104075,,,,xlsr_layer3
main,PC3,ɑ,6683.473058725642,6708.046713189235,-3336.736529362821,12.9562415309465,0.0015366957793512743,0.7755808026878342,0.3555322436737741,0.7642116048807522,-12.71278825089059,-7.693705681918535,11.0894188899196,,xlsr_layer3
full,PC3,ɑ,6683.474156153199,6712.962541509511,-3335.7370780765996,1.9989025724426028,0.15741314153651265,0.7755808026878342,0.37263286651851985,0.7548192768262135,-7.549070899974837,-14.169085699614953,4.45143500084056,13.111455201746844,xlsr_layer3
extended,PC3,ɑ,6683.474156153199,6712.962541509511,-3335.7370780765996,,,0.7755808026878342,0.37263286651851985,0.7548192768262135,-7.549070899974837,-14.169085699614953,4.45143500084056,13.111455201746844,xlsr_layer3
intercept_only,PC3,e,1793.3447067277295,1803.7990975282014,-893.6723533638648,,,0.21637450264308183,1.1434927618248637e-31,0.21637450264308183,-19.666296441375174,,,,xlsr_layer3
main,PC3,e,1797.1341075572411,1814.5580922246943,-893.5670537786206,0.2105991704884218,0.9000548390429197,0.21637450264308183,0.003061432928295046,0.21690356760507798,-20.159952870793575,1.0687351526467843,-0.15683216900838678,,xlsr_layer3
full,PC3,e,1797.7642600070528,1818.6730416079968,-892.8821300035264,1.3698475501882967,0.24183807841409558,0.21637450264308183,0.021954033471567838,0.21759953217720526,-23.00760066509251,4.603414760425233,3.503322527628682,-7.167798040280643,xlsr_layer3
extended,PC3,e,1797.7642600070528,1818.6730416079968,-892.8821300035264,,,0.21637450264308183,0.021954033471567838,0.21759953217720526,-23.00760066509251,4.603414760425233,3.503322527628682,-7.167798040280643,xlsr_layer3
intercept_only,PC3,ɛ,2493.5525313165463,2505.1005056563868,-1243.7762656582731,,,0.26963631361939666,0.0,0.26963631361939666,-26.668268858526098,,,,xlsr_layer3
main,PC3,ɛ,2492.238151677774,2511.4847755775086,-1241.119075838887,5.314379638772152,0.07014506533485988,0.26963631361939666,0.07849490111876704,0.27131663175650295,-31.879366401407353,6.4880349740779835,3.779019127978515,,xlsr_layer3
full,PC3,ɛ,2494.2374167463504,2517.3333654260314,-1241.1187083731752,0.0007349314237217186,0.9783723030025521,0.26963631361939666,0.07858651675951911,0.27137690276233667,-31.82296665509536,6.41751766369798,3.7065034602141713,0.14178619585203045,xlsr_layer3
extended,PC3,ɛ,2494.2374167463504,2517.3333654260314,-1241.1187083731752,,,0.26963631361939666,0.07858651675951911,0.27137690276233667,-31.82296665509536,6.41751766369798,3.7065034602141713,0.14178619585203045,xlsr_layer3
intercept_only,PC3,i,13386.833988993172,13403.438276964285,-6690.416994496586,,,0.3198918272696954,0.0,0.3198918272696954,4.695200956510862,,,,xlsr_layer3
main,PC3,i,13387.917709126194,13415.591522411381,-6688.958854563097,2.9162798669785843,0.2326686516472041,0.3198918272696954,0.04674822954755055,0.3200930175857281,4.1887834761619684,2.8630255077363755,-2.1097653359595605,,xlsr_layer3
full,PC3,i,13389.59490561105,13422.803481553274,-6688.797452805525,0.32280351514418726,0.5699276861452154,0.3198918272696954,0.051279404879558184,0.31993414048109925,2.8256172102637676,4.567409966474877,-0.3569691217550042,-3.4607208060719694,xlsr_layer3
extended,PC3,i,13389.59490561105,13422.803481553274,-6688.797452805525,,,0.3198918272696954,0.051279404879558184,0.31993414048109925,2.8256172102637676,4.567409966474877,-0.3569691217550042,-3.4607208060719694,xlsr_layer3
intercept_only,PC3,o,743.3149798987411,751.5235752439246,-368.65748994937053,,,0.7721471554920272,1.7862572564537324e-32,0.7721471554920272,3.9025883356011204,,,,xlsr_layer3
main,PC3,o,743.917916241902,757.5989084838745,-366.958958120951,3.397063656839009,0.18295193179707142,0.7721471554920272,0.132634378247309,0.7721491882128222,1.0476250257561681,-0.7221960811372963,6.829584855380799,,xlsr_layer3
full,PC3,o,745.1613815110866,761.5785722014535,-366.5806907555433,0.7565347308154742,0.38441515010509064,0.7721471554920272,0.15908038746886632,0.7721492872281196,4.185337702743721,-4.644336927371734,2.7953828421110734,7.9563428595041445,xlsr_layer3
extended,PC3,o,745.1613815110866,761.5785722014535,-366.5806907555433,,,0.7721471554920272,0.15908038746886632,0.7721492872281196,4.185337702743721,-4.644336927371734,2.7953828421110734,7.9563428595041445,xlsr_layer3
intercept_only,PC3,u,5439.881469233188,5453.589913494431,-2716.940734616594,,,0.258303601565832,0.0,0.258303601565832,18.747380421478876,,,,xlsr_layer3
main,PC3,u,5435.952747234777,5458.800154336849,-2712.9763736173886,7.928721998410765,0.01898016107625608,0.258303601565832,0.09521456600863042,0.29218696347195183,16.38389074949794,-1.5547980459156194,6.7389444735471615,,xlsr_layer3
full,PC3,u,5437.7980556698085,5465.214944192294,-2712.8990278349042,0.15469156496874348,0.6940916515108789,0.258303601565832,0.09705072629000164,0.2923819859520279,17.2988229135682,-2.697193289771997,5.562101739872334,2.319284739776323,xlsr_layer3
extended,PC3,u,5437.7980556698085,5465.214944192294,-2712.8990278349042,,,0.258303601565832,0.09705072629000164,0.2923819859520279,17.2988229135682,-2.697193289771997,5.562101739872334,2.319284739776323,xlsr_layer3
intercept_only,PC3,y,3898.9887665028987,3911.852342183384,-1946.4943832514493,,,0.24061555069407695,0.0,0.24061555069407695,-7.440953164313337,,,,xlsr_layer3
main,PC3,y,3895.186160269813,3916.625453070622,-1942.5930801349066,7.802606233085498,0.02021555105520327,0.24061555069407695,0.09407814682607157,0.24346722435414384,-13.712492346214672,7.144120900471959,5.348497134972382,,xlsr_layer3
full,PC3,y,3896.766967290609,3922.49411865158,-1942.3834836453045,0.41919297920412646,0.5173400068421736,0.24061555069407695,0.09782698202842274,0.24320222489117346,-14.898991249998398,8.642407730241143,6.873184811352614,-3.0230337262124776,xlsr_layer3
extended,PC3,y,3896.766967290609,3922.49411865158,-1942.3834836453045,,,0.24061555069407695,0.09782698202842274,0.24320222489117346,-14.898991249998398,8.642407730241143,6.873184811352614,-3.0230337262124776,xlsr_layer3
intercept_only,PC3,ø,1526.5653097939717,1536.8533466808349,-760.2826548969858,,,0.6531179881700502,1.2353527864188884e-31,0.6531179881700502,-16.227966935893175,,,,xlsr_layer3
main,PC3,ø,1529.1788303780386,1546.3255585228108,-759.5894151890193,1.3864794159330813,0.49995373843696667,0.6531179881700502,0.04799150520313873,0.6530944383137502,-18.088209230338254,-0.29821427167277215,4.256385761742415,,xlsr_layer3
full,PC3,ø,1530.3881754701315,1550.9642492438581,-759.1940877350658,0.7906549079070828,0.3739021691858839,0.6531179881700502,0.07381851584467491,0.6530894714326291,-21.234334111213727,3.6346274554640514,8.301403465725189,-7.972390640852906,xlsr_layer3
extended,PC3,ø,1530.3881754701315,1550.9642492438581,-759.1940877350658,,,0.6531179881700502,0.07381851584467491,0.6530894714326291,-21.234334111213727,3.6346274554640514,8.301403465725189,-7.972390640852906,xlsr_layer3
intercept_only,PC3,ə,925.7779103938554,934.0644321982487,-459.8889551969277,,,0.24919827274032497,7.04424192314259e-32,0.24919827274032497,-12.611393121095801,,,,xlsr_layer3
main,PC3,ə,929.5947795143574,943.4056491883462,-459.7973897571787,0.18313087949809415,0.9125016003224079,0.24919827274032497,0.004983469175070577,0.2523544611204118,-14.4366880084708,2.3706591978367326,0.9701547650378308,,xlsr_layer3
full,PC3,ə,928.2690095482166,944.8420531570031,-458.1345047741083,3.325769966140797,0.06820207239866598,0.24919827274032497,0.07475247463452998,0.24983338836903973,-19.13377076737579,8.580828641686784,11.042231478658767,-20.344057369838346,xlsr_layer3
extended,PC3,ə,928.2690095482166,944.8420531570031,-458.1345047741083,,,0.24919827274032497,0.07475247463452998,0.24983338836903973,-19.13377076737579,8.580828641686784,11.042231478658767,-20.344057369838346,xlsr_layer3
intercept_only,PC4,a,22341.63559112124,22359.752095394604,-11167.81779556062,,,0.2385371793767475,1.2462964467562336e-31,0.2385371793767475,17.249868686584264,,,,xlsr_layer3
main,PC4,a,22336.794208877163,22366.988382666103,-11163.397104438582,8.841382244077977,0.012025918034981053,0.2385371793767475,0.09002412423893782,0.22362387285045068,12.84671265477697,2.034155308477712,7.045205619806936,,xlsr_layer3
full,PC4,a,22338.296301786726,22374.52931033345,-11163.148150893363,0.4979070904373657,0.48042117476835766,0.2385371793767475,0.0905586809452494,0.23542166606693976,11.785073870471791,3.3595686429916136,8.410234975270086,-2.690359511324343,xlsr_layer3
extended,PC4,a,22338.296301786726,22374.52931033345,-11163.148150893363,,,0.2385371793767475,0.0905586809452494,0.23542166606693976,11.785073870471791,3.3595686429916136,8.410234975270086,-2.690359511324343,xlsr_layer3
intercept_only,PC4,ɑ,5860.760788308271,5875.504980986427,-2927.3803941541355,,,0.5022609816004934,0.0,0.5022609816004934,9.688500905858874,,,,xlsr_layer3
main,PC4,ɑ,5857.985010433393,5882.558664896986,-2923.9925052166964,6.7757778748782584,0.033779913191029645,0.5022609816004934,0.14658458951854939,0.49572392561277057,8.02795453128243,-0.8548585890171804,4.283615456195524,,xlsr_layer3
full,PC4,ɑ,5858.260433351796,5887.748818708107,-2923.130216675898,1.72457708159709,0.1891049386222168,0.5022609816004934,0.16597701277441906,0.48669715118547985,10.062384479863898,-3.461228705734483,1.6684759837647665,5.219396168073886,xlsr_layer3
extended,PC4,ɑ,5858.260433351796,5887.748818708107,-2923.130216675898,,,0.5022609816004934,0.16597701277441906,0.48669715118547985,10.062384479863898,-3.461228705734483,1.6684759837647665,5.219396168073886,xlsr_layer3
intercept_only,PC4,e,1684.6375567998805,1695.0919476003523,-839.3187783999402,,,0.54796245040266,0.0,0.54796245040266,-0.171412294004096,,,,xlsr_layer3
main,PC4,e,1671.9211049816847,1689.345089649138,-830.9605524908424,16.716451818195765,0.00023445991822569065,0.54796245040266,0.3397417806432708,0.5455844333702036,-7.988818529848732,2.6163752678833694,13.608373082287047,,xlsr_layer3
full,PC4,e,1668.828006544036,1689.73678814498,-828.414003272018,5.093098437648678,0.02402123682921804,0.54796245040266,0.3920605375818633,0.5424287364115064,-12.855872174104059,8.672395532442605,19.862868050584897,-12.267828995741349,xlsr_layer3
extended,PC4,e,1668.828006544036,1689.73678814498,-828.414003272018,,,0.54796245040266,0.3920605375818633,0.5424287364115064,-12.855872174104059,8.672395532442605,19.862868050584897,-12.267828995741349,xlsr_layer3
intercept_only,PC4,ɛ,2675.790107650372,2687.3380819902127,-1334.895053825186,,,0.3561784833072336,0.0,0.3561784833072336,8.444884205753707,,,,xlsr_layer3
main,PC4,ɛ,2662.803527075097,2682.0501509748315,-1326.4017635375485,16.986580575275184,0.00020483817359987346,0.3561784833072336,0.22941724183332277,0.35442731570831104,5.86567502566901,-4.067715366891877,9.965684241264857,,xlsr_layer3
full,PC4,ɛ,2663.5693982407165,2686.6653469203975,-1325.7846991203583,1.234128834380499,0.2666055781919869,0.3561784833072336,0.23880794536826497,0.35427922024235853,3.27531654470495,-0.8285775858043217,13.29602770832932,-6.483485174571652,xlsr_layer3
extended,PC4,ɛ,2663.5693982407165,2686.6653469203975,-1325.7846991203583,,,0.3561784833072336,0.23880794536826497,0.35427922024235853,3.27531654470495,-0.8285775858043217,13.29602770832932,-6.483485174571652,xlsr_layer3
random_slope,PC4,ɛ,2667.291630079728,2698.086228319303,-1325.645815039864,0.2777681609886713,0.870328910708123,0.3561784833072336,0.24539103555621922,0.3363126735098166,3.275316544704971,-0.8288995080832061,13.295184672211665,-6.50919785575776,xlsr_layer3
intercept_only,PC4,i,12721.429638376989,12738.033926348102,-6357.714819188494,,,0.4233393095826107,0.0,0.4233393095826107,-12.591550380728572,,,,xlsr_layer3
main,PC4,i,12713.684204228974,12741.358017514161,-6351.842102114487,11.745434148015192,0.0028152137887406457,0.4233393095826107,0.19844677008094183,0.4236871938353647,-14.972337089864245,-1.8508359187522831,7.08361707364143,,xlsr_layer3
full,PC4,i,12713.231861494523,12746.440437436748,-6350.615930747262,2.4523427344502124,0.11734960872497854,0.4233393095826107,0.2286349965047323,0.425228740694541,-17.983296764703322,1.9140133905803565,10.955314998060217,-7.644058353757312,xlsr_layer3
extended,PC4,i,12713.231861494523,12746.440437436748,-6350.615930747262,,,0.4233393095826107,0.2286349965047323,0.425228740694541,-17.983296764703322,1.9140133905803565,10.955314998060217,-7.644058353757312,xlsr_layer3
intercept_only,PC4,o,688.8912883483738,697.0998836935573,-341.4456441741869,,,0.700841104227352,6.341318989267256e-32,0.700841104227352,-9.081751185224233,,,,xlsr_layer3
main,PC4,o,689.4391274443885,703.120119686361,-339.71956372219427,3.452160903985259,0.1779806483041504,0.700841104227352,0.12472480873998792,0.7008500095901299,-14.133691297275599,4.142265683416017,6.0626894772017454,,xlsr_layer3
full,PC4,o,687.2288968213002,703.6460875116671,-337.6144484106501,4.210230623088364,0.04018087383530903,0.700841104227352,0.24914752521226458,0.700843528764348,-18.949846347173118,10.162459495787877,12.254888827069946,-12.212393162239932,xlsr_layer3
extended,PC4,o,687.2288968213002,703.6460875116671,-337.6144484106501,,,0.700841104227352,0.24914752521226458,0.700843528764348,-18.949846347173118,10.162459495787877,12.254888827069946,-12.212393162239932,xlsr_layer3
intercept_only,PC4,u,4848.5699867816575,4862.278431042901,-2421.2849933908287,,,0.2313544138646268,0.0,0.2313544138646268,-15.572873555880317,,,,xlsr_layer3
main,PC4,u,4838.638309437404,4861.485716539476,-2414.319154718702,13.93167734425333,0.0009435712567815241,0.2313544138646268,0.12880047600062544,0.22906704238735603,-20.7461893238989,3.497844676977551,7.039320230188791,,xlsr_layer3
full,PC4,u,4838.776003745207,4866.1928922676925,-2413.3880018726036,1.8623056921969692,0.17235892603584113,0.2313544138646268,0.139202393908214,0.2282272256106195,-22.385917160978547,5.542343937016421,9.148725119825123,-4.155004072902573,xlsr_layer3
extended,PC4,u,4838.776003745207,4866.1928922676925,-2413.3880018726036,,,0.2313544138646268,0.139202393908214,0.2282272256106195,-22.385917160978547,5.542343937016421,9.148725119825123,-4.155004072902573,xlsr_layer3
intercept_only,PC4,y,4083.35273747413,4096.216313154616,-2038.676368737065,,,0.22195102500738983,0.0,0.22195102500738983,-8.00780785608977,,,,xlsr_layer3
main,PC4,y,4065.266335695517,4086.7056284963255,-2027.6331678477584,22.086401778613435,1.599553576559367e-05,0.22195102500738983,0.16909359253111694,0.21735048308220317,-13.735074021041315,1.6077082539704117,10.37328550093233,,xlsr_layer3
full,PC4,y,4066.140471481531,4091.867622842502,-2027.0702357407656,1.125864213985551,0.2886592318939733,0.22195102500738983,0.173960618298742,0.21685620036122086,-15.194070108731525,3.482782419336505,12.246420616854238,-3.7485715027661537,xlsr_layer3
extended,PC4,y,4066.140471481531,4091.867622842502,-2027.0702357407656,,,0.22195102500738983,0.173960618298742,0.21685620036122086,-15.194070108731525,3.482782419336505,12.246420616854238,-3.7485715027661537,xlsr_layer3
intercept_only,PC4,ø,1477.404094527673,1487.692131414536,-735.7020472638364,,,0.6430316421441572,8.840412040551272e-32,0.6430316421441572,6.453950390174914,,,,xlsr_layer3
main,PC4,ø,1471.1136807579724,1488.2604089027445,-730.5568403789862,10.290413769700535,0.005827268665686121,0.6430316421441572,0.2837452316354512,0.6441003741601851,-1.6872149330240729,5.107007532259279,11.5073613456567,,xlsr_layer3
full,PC4,ø,1470.8380527833483,1491.414126557075,-729.4190263916742,2.275627974624058,0.1314218831215456,0.6430316421441572,0.3262699016352783,0.6434317329482228,-5.335216054072003,9.667398809692902,16.197648501289766,-9.237364295549728,xlsr_layer3
extended,PC4,ø,1470.8380527833483,1491.414126557075,-729.4190263916742,,,0.6430316421441572,0.3262699016352783,0.6434317329482228,-5.335216054072003,9.667398809692902,16.197648501289766,-9.237364295549728,xlsr_layer3
intercept_only,PC4,ə,855.8936124160626,864.1801342204559,-424.9468062080313,,,0.4645752117467412,0.0,0.4645752117467412,18.909697822553017,,,,xlsr_layer3
main,PC4,ə,858.334752379233,872.1456220532218,-424.1673761896165,1.5588600368296284,0.4586673687676006,0.4645752117467412,0.04232064087685996,0.43654951812663745,18.637984933627358,-1.9686545311312202,5.327397800848368,,xlsr_layer3
full,PC4,ə,859.8653988771442,876.4384424859308,-423.9326994385721,0.46935350208877935,0.493284738230386,0.4645752117467412,0.05166427710312963,0.4318387304816922,16.63626396821311,0.6500867382974092,9.066124830331614,-7.199095123655592,xlsr_layer3
extended,PC4,ə,859.8653988771442,876.4384424859308,-423.9326994385721,,,0.4645752117467412,0.05166427710312963,0.4318387304816922,16.63626396821311,0.6500867382974092,9.066124830331614,-7.199095123655592,xlsr_layer3
intercept_only,PC5,a,26620.199314759742,26638.315819033105,-13307.099657379871,,,0.06794215665618138,9.506945663635564e-33,0.06794215665618138,5.473862445739268,,,,xlsr_layer3
main,PC5,a,26614.07319149812,26644.267365287058,-13302.03659574906,10.126123261623434,0.006326161462373844,0.06794215665618138,0.03031086808795864,0.06796776844614559,4.013531537064782,4.763672490228568,-2.284315188233192,,xlsr_layer3
full,PC5,a,26616.063793748606,26652.296802295332,-13302.031896874303,0.009397749512572773,0.9227724622676537,0.06794215665618138,0.03039088636846304,0.06803067999501224,3.8492810629099456,4.968072443527624,-2.0729465206903144,-0.41593632624090554,xlsr_layer3
extended,PC5,a,26616.063793748606,26652.296802295332,-13302.031896874303,,,0.06794215665618138,0.03039088636846304,0.06803067999501224,3.8492810629099456,4.968072443527624,-2.0729465206903144,-0.41593632624090554,xlsr_layer3
intercept_only,PC5,ɑ,7082.330707135641,7097.074899813797,-3538.1653535678206,,,0.4750858541396992,4.2021158093454415e-34,0.4750858541396992,-1.2709423823908088,,,,xlsr_layer3
main,PC5,ɑ,7080.498561116981,7105.072215580574,-3535.2492805584907,5.8321460186598415,0.054145900794677154,0.4750858541396992,0.14070437203079775,0.48039148522963104,5.247822953337785,-3.7762866089293956,-9.352945042511886,,xlsr_layer3
full,PC5,ɑ,7079.804355958468,7109.292741314779,-3533.902177979234,2.694205158513796,0.10071370224467804,0.4750858541396992,0.20365447702885256,0.49073417243022466,9.747435578013322,-9.499511494499187,-15.134481352392864,11.498171897791163,xlsr_layer3
extended,PC5,ɑ,7079.804355958468,7109.292741314779,-3533.902177979234,,,0.4750858541396992,0.20365447702885256,0.49073417243022466,9.747435578013322,-9.499511494499187,-15.134481352392864,11.498171897791163,xlsr_layer3
random_slope,PC5,ɑ,7082.990236680262,7122.30808382201,-3533.495118340131,0.8141192782059079,0.6656044930628908,0.4750858541396992,0.22295334953369816,0.4416527677751767,9.750511085183858,-9.520557416479464,-15.130215459632124,11.512756861062039,xlsr_layer3
intercept_only,PC5,e,1817.2326023342837,1827.6869931347555,-905.6163011671418,,,0.2592473823973708,9.936046126731252e-32,0.2592473823973708,-12.59955966974902,,,,xlsr_layer3
main,PC5,e,1812.8317950684184,1830.2557797358716,-901.4158975342092,8.400807265865296,0.01498952533320084,0.2592473823973708,0.1133705474579644,0.2611694976345668,-12.899551199874436,4.313421182184821,-4.241599713536785,,xlsr_layer3
full,PC5,e,1814.6956832708372,1835.6044648717811,-901.3478416354186,0.13611179758117942,0.7121774237845369,0.2592473823973708,0.11513006277291671,0.26157869778672327,-13.747146998842535,5.366412554464508,-3.1524651648407387,-2.1322787800271263,xlsr_layer3
extended,PC5,e,1814.6956832708372,1835.6044648717811,-901.3478416354186,,,0.2592473823973708,0.11513006277291671,0.26157869778672327,-13.747146998842535,5.366412554464508,-3.1524651648407387,-2.1322787800271263,xlsr_layer3
intercept_only,PC5,ɛ,2843.2535885596226,2854.801562899463,-1418.6267942798113,,,0.14880545888525235,0.0,0.14880545888525235,-3.184286365406717,,,,xlsr_layer3
main,PC5,ɛ,2831.1741654472526,2850.420789346987,-1410.5870827236263,16.079423112370023,0.000322401931551511,0.14880545888525235,0.11066551602957192,0.14744381873749854,-1.5366414882960147,3.65622560920719,-7.521930669995342,,xlsr_layer3
full,PC5,ɛ,2832.2741898402537,2855.3701385199347,-1410.1370949201269,0.8999756069988507,0.34278825189145956,0.14880545888525235,0.11437838127929745,0.14769525916485585,0.31003304322560693,1.3466116782746087,-9.895917527765167,4.5316654770090725,xlsr_layer3
extended,PC5,ɛ,2832.2741898402537,2855.3701385199347,-1410.1370949201269,,,0.14880545888525235,0.11437838127929745,0.14769525916485585,0.31003304322560693,1.3466116782746087,-9.895917527765167,4.5316654770090725,xlsr_layer3
intercept_only,PC5,i,12774.11615603743,12790.720444008542,-6384.058078018715,,,0.31324044117423616,0.0,0.31324044117423616,9.315995320396594,,,,xlsr_layer3
main,PC5,i,12777.142810422903,12804.816623708091,-6383.571405211452,0.973345614525897,0.6146681149894663,0.31324044117423616,0.01597768149513959,0.31322184741677156,10.763675032404711,-2.398683405129939,-0.3923125971524939,,xlsr_layer3
full,PC5,i,12778.39935813023,12811.607934072454,-6383.199679065115,0.743452292674192,0.38855722502001055,0.31324044117423616,0.028027282680829747,0.3135331412215013,12.574941049166055,-4.663187325958569,-2.7212176869482296,4.597772132858508,xlsr_layer3
extended,PC5,i,12778.39935813023,12811.607934072454,-6383.199679065115,,,0.31324044117423616,0.028027282680829747,0.3135331412215013,12.574941049166055,-4.663187325958569,-2.7212176869482296,4.597772132858508,xlsr_layer3
intercept_only,PC5,o,739.0599816441415,747.2685769893251,-366.5299908220708,,,0.5178973475953329,5.852264351879916e-32,0.5178973475953329,-7.120434793333219,,,,xlsr_layer3
main,PC5,o,728.4247200228367,742.1057122648092,-359.21236001141835,14.635261621304835,0.0006637328587154408,0.5178973475953329,0.32133009334238766,0.5179023003426328,-4.627253387822934,1.7468170892499726,-7.20429084413278,,xlsr_layer3
full,PC5,o,729.2850206112282,745.7022113015952,-358.6425103056141,1.1396994116084898,0.2857158523107269,0.5178973475953329,0.3374526586531446,0.5179022234120049,-6.4319250583648815,4.002656677427404,-4.883998696293138,-4.576131736017064,xlsr_layer3
extended,PC5,o,729.2850206112282,745.7022113015952,-358.6425103056141,,,0.5178973475953329,0.3374526586531446,0.5179022234120049,-6.4319250583648815,4.002656677427404,-4.883998696293138,-4.576131736017064,xlsr_layer3
intercept_only,PC5,u,4934.905544618906,4948.613988880149,-2464.452772309453,,,0.21938313086395728,6.133987596985281e-36,0.21938313086395728,0.06233205395728205,,,,xlsr_layer3
main,PC5,u,4938.280184811051,4961.127591913123,-2464.1400924055256,0.6253598078546929,0.7314840202605009,0.21938313086395728,0.007583523063920171,0.21924289587883708,-1.5497740102228768,1.5665688159542854,1.662648882912376,,xlsr_layer3
full,PC5,u,4939.262199414911,4966.679087937397,-2463.6310997074556,1.0179853961399203,0.31299735591762,0.21938313086395728,0.019499400468329008,0.21898910476424288,0.2440169570056907,-0.6738326876682114,-0.6445786093100921,4.547149450091761,xlsr_layer3
extended,PC5,u,4939.262199414911,4966.679087937397,-2463.6310997074556,,,0.21938313086395728,0.019499400468329008,0.21898910476424288,0.2440169570056907,-0.6738326876682114,-0.6445786093100921,4.547149450091761,xlsr_layer3
intercept_only,PC5,y,3977.8623017186587,3990.725877399144,-1985.9311508593294,,,0.13489795170630944,0.0,0.13489795170630944,-0.840697973774777,,,,xlsr_layer3
main,PC5,y,3979.3581458405447,4000.7974386413534,-1984.6790729202723,2.504155878114034,0.28591007546417224,0.13489795170630944,0.020801577979986375,0.13607275451820652,-3.042303266517715,1.1151027156632636,3.38954886359504,,xlsr_layer3
full,PC5,y,3981.0664389232174,4006.793590284188,-1984.5332194616087,0.29170691732724663,0.5891287682554058,0.13489795170630944,0.022823323987454833,0.13629680828155538,-2.124475198487444,-0.041772257598704884,2.210155040170606,2.336253554032272,xlsr_layer3
extended,PC5,y,3981.0664389232174,4006.793590284188,-1984.5332194616087,,,0.13489795170630944,0.022823323987454833,0.13629680828155538,-2.124475198487444,-0.041772257598704884,2.210155040170606,2.336253554032272,xlsr_layer3
intercept_only,PC5,ø,1522.2605834234655,1532.5486203103287,-758.1302917117328,,,0.6842676434832526,2.8970592889559807e-32,0.6842676434832526,-8.383147644721612,,,,xlsr_layer3
main,PC5,ø,1522.8565342786997,1540.0032624234718,-756.4282671393498,3.4040491447658496,0.18231404218272268,0.6842676434832526,0.11621643370150331,0.684164969553312,-10.721868579539086,5.997796292538657,-1.727091503345996,,xlsr_layer3
full,PC5,ø,1524.7077607225015,1545.283834496228,-756.3538803612507,0.14877355619819355,0.6997101577252884,0.6842676434832526,0.1206448861968832,0.6840890763252787,-12.0973866259058,7.717332704008103,0.04143169912548791,-3.485753631744859,xlsr_layer3
extended,PC5,ø,1524.7077607225015,1545.283834496228,-756.3538803612507,,,0.6842676434832526,0.1206448861968832,0.6840890763252787,-12.0973866259058,7.717332704008103,0.04143169912548791,-3.485753631744859,xlsr_layer3
random_slope,PC5,ø,1522.4965924342218,1549.9313574658574,-753.2482962171109,6.211168288279623,0.04479834222555091,0.6842676434832526,0.2077157721979532,0.4563435295994649,-12.097386625905841,7.719014415809691,0.04143169912555703,-3.4853824347668065,xlsr_layer3
intercept_only,PC5,ə,937.5517790859684,945.8383008903617,-465.7758895429842,,,0.24407296699032807,1.600461020288187e-32,0.24407296699032807,10.396443185280942,,,,xlsr_layer3
main,PC5,ə,940.3826390861117,954.1935087601005,-465.19131954305584,1.169139999856725,0.5573454688845001,0.24407296699032807,0.029046035972741007,0.24307614954567885,5.508060253116256,6.023627787610657,3.5201459735719975,,xlsr_layer3
full,PC5,ə,940.4216680696981,956.9947116784846,-464.21083403484903,1.9609710164136231,0.16140950808016433,0.24407296699032807,0.08255767343146557,0.23333851752164758,1.916107261699389,10.746671726217617,11.196690369864438,-16.073606346131765,xlsr_layer3
extended,PC5,ə,940.4216680696981,956.9947116784846,-464.21083403484903,,,0.24407296699032807,0.08255767343146557,0.23333851752164758,1.916107261699389,10.746671726217617,11.196690369864438,-16.073606346131765,xlsr_layer3
random_slope,PC5,ə,942.444712138199,964.542103616581,-463.2223560690995,1.9769559314991056,0.3721426740859909,0.24407296699032807,0.07735671423523575,0.077383121103131,3.6572163824387443,9.038253518565622,11.223954115908409,-15.601210738023429,xlsr_layer3
